player,ranking_low_to_high,ranking_high_to_low,team,fantPosition,pos_QB,pos_RB,pos_TE,pos_WR,games,fantFantPts,fantPPRpts,fantDKpts,fantFDpts,averagePts,FFperGame,PPperGame,DKperGame,FDperGame,averagePerGame
Patrick Mahomes,1,555,KAN,QB,1,0,0,0,17,416.0,417.4,435.4,428.9,424.4,24.5,24.6,25.6,25.2,25.0
Josh Jacobs,2,554,LVR,RB,0,1,0,0,17,275.0,328.3,335.3,301.8,310.1,16.2,19.3,19.7,17.8,18.2
Christian McCaffrey,3,553,2TM,RB,0,1,0,0,17,271.0,356.4,362.4,313.9,325.9,15.9,21.0,21.3,18.5,19.2
Derrick Henry ,4,552,TEN,RB,0,1,0,0,16,270.0,302.8,311.8,286.3,292.7,16.9,18.9,19.5,17.9,18.3
Justin Jefferson,5,551,MIN,WR,0,0,0,1,17,241.0,368.7,371.7,304.7,321.5,14.2,21.7,21.9,17.9,18.9
Austin Ekeler,6,550,LAC,RB,0,1,0,0,17,266.0,372.7,381.7,319.2,334.9,15.6,21.9,22.5,18.8,19.7
Josh Allen,7,549,BUF,QB,1,0,0,0,16,396.0,395.5,420.5,409.5,405.4,24.8,24.7,26.3,25.6,25.3
Travis Kelce,8,548,KAN,TE,0,0,1,0,17,206.0,316.3,320.3,261.3,276.0,12.1,18.6,18.8,15.4,16.2
Davante Adams,9,547,LVR,WR,0,0,0,1,17,236.0,335.5,338.5,285.5,298.9,13.9,19.7,19.9,16.8,17.6
Nick Chubb,10,546,CLE,RB,0,1,0,0,17,254.0,281.4,288.4,267.9,272.9,14.9,16.6,17.0,15.8,16.1
Tyreek Hill,11,545,MIA,WR,0,0,0,1,17,228.0,347.2,350.2,287.7,303.3,13.4,20.4,20.6,16.9,17.8
Jalen Hurts,12,544,PHI,QB,1,0,0,0,15,378.0,378.0,392.0,384.0,383.0,25.2,25.2,26.1,25.6,25.5
A.J. Brown,13,543,PHI,WR,0,0,0,1,17,212.0,299.6,304.6,255.6,268.0,12.5,17.6,17.9,15.0,15.8
Stefon Diggs,14,542,BUF,WR,0,0,0,1,16,209.0,316.6,319.6,262.6,277.0,13.1,19.8,20.0,16.4,17.3
Saquon Barkley,15,541,NYG,RB,0,1,0,0,16,227.0,284.0,290.0,255.5,264.1,14.2,17.8,18.1,16.0,16.5
CeeDee Lamb,16,540,DAL,WR,0,0,0,1,17,195.0,301.6,304.6,248.1,262.3,11.5,17.7,17.9,14.6,15.4
Joe Burrow,17,539,CIN,QB,1,0,0,0,16,351.0,350.7,371.7,362.7,359.0,21.9,21.9,23.2,22.7,22.4
Jamaal Williams,18,538,DET,RB,0,1,0,0,17,214.0,225.9,230.9,219.9,222.7,12.6,13.3,13.6,12.9,13.1
Jaylen Waddle,19,537,MIA,WR,0,0,0,1,17,184.0,259.2,263.2,221.7,232.0,10.8,15.2,15.5,13.0,13.6
Tony Pollard,20,536,DAL,RB,0,1,0,0,16,210.0,248.8,254.8,229.3,235.7,13.1,15.6,15.9,14.3,14.7
Dalvin Cook,21,535,MIN,RB,0,1,0,0,17,199.0,237.8,247.8,218.3,225.7,11.7,14.0,14.6,12.8,13.3
Miles Sanders,22,534,PHI,RB,0,1,0,0,17,197.0,216.7,221.7,206.7,210.5,11.6,12.7,13.0,12.2,12.4
George Kittle,23,533,SFO,TE,0,0,1,0,15,141.0,200.5,204.5,170.5,179.1,9.4,13.4,13.6,11.4,11.9
Amari Cooper,24,532,CLE,WR,0,0,0,1,17,168.0,246.0,250.0,208.0,218.0,9.9,14.5,14.7,12.2,12.8
Taysom Hill,25,531,NOR,TE,0,0,1,0,16,137.0,145.8,148.8,141.3,143.2,8.6,9.1,9.3,8.8,9.0
Aaron Jones,26,530,GNB,RB,0,1,0,0,17,190.0,248.6,257.6,219.1,228.8,11.2,14.6,15.2,12.9,13.5
Amon-Ra St. Brown,27,529,DET,WR,0,0,0,1,16,162.0,267.6,270.6,214.6,228.7,10.1,16.7,16.9,13.4,14.3
DeVonta Smith,28,528,PHI,WR,0,0,0,1,17,160.0,254.6,258.6,207.1,220.1,9.4,15.0,15.2,12.2,12.9
T.J. Hockenson,29,527,2TM,TE,0,0,1,0,17,129.0,215.4,219.4,172.4,184.1,7.6,12.7,12.9,10.1,10.8
Christian Kirk,30,526,JAX,WR,0,0,0,1,17,158.0,241.9,245.9,199.9,211.4,9.3,14.2,14.5,11.8,12.4
Najee Harris,31,525,PIT,RB,0,1,0,0,17,182.0,223.5,231.5,203.0,210.0,10.7,13.1,13.6,11.9,12.4
Ja'Marr Chase,32,524,CIN,WR,0,0,0,1,12,155.0,242.4,247.4,198.9,210.9,12.9,20.2,20.6,16.6,17.6
Rhamondre Stevenson,33,523,NWE,RB,0,1,0,0,17,180.0,249.1,256.1,214.6,225.0,10.6,14.7,15.1,12.6,13.2
Joe Mixon,34,522,CIN,RB,0,1,0,0,14,180.0,239.5,245.5,209.5,218.6,12.9,17.1,17.5,15.0,15.6
Tyler Lockett,35,521,SEA,WR,0,0,0,1,16,153.0,237.3,242.3,195.3,207.0,9.6,14.8,15.1,12.2,12.9
Terry McLaurin,36,520,WAS,WR,0,0,0,1,17,152.0,229.0,232.0,190.5,200.9,8.9,13.5,13.6,11.2,11.8
Brandon Aiyuk,37,519,SFO,WR,0,0,0,1,17,150.0,227.8,231.8,188.8,199.6,8.8,13.4,13.6,11.1,11.7
Kenneth Walker III,38,518,SEA,RB,0,1,0,0,15,176.0,202.5,208.5,189.0,194.0,11.7,13.5,13.9,12.6,12.9
Mike Evans,39,517,TAM,WR,0,0,0,1,15,148.0,225.4,228.4,186.9,197.2,9.9,15.0,15.2,12.5,13.1
Tee Higgins,40,516,CIN,WR,0,0,0,1,16,147.0,220.9,223.9,183.9,193.9,9.2,13.8,14.0,11.5,12.1
Mark Andrews,41,515,BAL,TE,0,0,1,0,15,118.0,190.5,193.5,154.0,164.0,7.9,12.7,12.9,10.3,10.9
Geno Smith,42,514,SEA,QB,1,0,0,0,17,304.0,303.9,324.9,314.9,311.9,17.9,17.9,19.1,18.5,18.3
Travis Etienne,43,513,JAX,RB,0,1,0,0,17,170.0,205.1,214.1,187.6,194.2,10.0,12.1,12.6,11.0,11.4
Ezekiel Elliott,44,512,DAL,RB,0,1,0,0,15,169.0,185.8,188.8,177.3,180.2,11.3,12.4,12.6,11.8,12.0
Justin Fields,45,511,CHI,QB,1,0,0,0,15,296.0,296.0,315.0,307.0,303.5,19.7,19.7,21.0,20.5,20.2
Trevor Lawrence,46,510,JAX,QB,1,0,0,0,17,296.0,295.6,318.6,303.6,303.5,17.4,17.4,18.7,17.9,17.9
Jerry Jeudy,47,509,DEN,WR,0,0,0,1,15,137.0,204.2,207.2,170.7,179.8,9.1,13.6,13.8,11.4,12.0
D.K. Metcalf,48,508,SEA,WR,0,0,0,1,17,137.0,226.8,231.8,181.8,194.4,8.1,13.3,13.6,10.7,11.4
D.J. Moore,49,507,CAR,WR,0,0,0,1,17,136.0,199.1,202.1,167.6,176.2,8.0,11.7,11.9,9.9,10.4
Kirk Cousins,50,506,MIN,QB,1,0,0,0,17,292.0,291.6,311.6,305.6,300.2,17.2,17.2,18.3,18.0,17.7
Evan Engram,51,505,JAX,TE,0,0,1,0,17,104.0,176.9,179.9,140.4,150.3,6.1,10.4,10.6,8.3,8.8
Garrett Wilson,52,504,NYJ,WR,0,0,0,1,17,133.0,215.7,219.7,174.2,185.7,7.8,12.7,12.9,10.2,10.9
Daniel Jones,53,503,NYG,QB,1,0,0,0,16,289.0,289.0,303.0,294.0,293.8,18.1,18.1,18.9,18.4,18.4
Alvin Kamara,54,502,NOR,RB,0,1,0,0,15,155.0,211.7,221.7,183.2,192.9,10.3,14.1,14.8,12.2,12.9
James Conner,55,501,ARI,RB,0,1,0,0,13,154.0,200.2,207.2,177.2,184.7,11.8,15.4,15.9,13.6,14.2
Leonard Fournette,56,500,TAM,RB,0,1,0,0,16,153.0,226.1,233.1,190.6,200.7,9.6,14.1,14.6,11.9,12.5
Cole Kmet,57,499,CHI,TE,0,0,1,0,17,97.0,147.3,150.3,122.3,129.2,5.7,8.7,8.8,7.2,7.6
Cooper Kupp,58,498,LAR,WR,0,0,0,1,9,126.0,201.4,205.4,163.9,174.2,14.0,22.4,22.8,18.2,19.4
Chris Olave,59,497,NOR,WR,0,0,0,1,15,126.0,198.2,203.2,162.2,172.4,8.4,13.2,13.5,10.8,11.5
Jared Goff,60,496,DET,QB,1,0,0,0,17,283.0,284.3,298.3,290.8,289.1,16.6,16.7,17.5,17.1,17.0
Gabriel Davis,61,495,BUF,WR,0,0,0,1,15,124.0,171.6,175.6,147.6,154.7,8.3,11.4,11.7,9.8,10.3
Christian Watson,62,494,GNB,WR,0,0,0,1,14,123.0,164.1,167.1,143.6,149.5,8.8,11.7,11.9,10.3,10.7
Juwan Johnson,63,493,NOR,TE,0,0,1,0,16,93.0,134.8,137.8,113.8,119.9,5.8,8.4,8.6,7.1,7.5
Justin Herbert,64,492,LAC,QB,1,0,0,0,17,279.0,281.3,300.3,290.3,287.7,16.4,16.5,17.7,17.1,16.9
Chris Godwin,65,491,TAM,WR,0,0,0,1,15,119.0,222.8,227.8,170.8,185.1,7.9,14.9,15.2,11.4,12.3
David Montgomery,66,490,CHI,RB,0,1,0,0,16,144.0,177.7,185.7,160.7,167.0,9.0,11.1,11.6,10.0,10.4
Tyler Allgeier,67,489,ATL,RB,0,1,0,0,16,143.0,159.4,165.4,151.4,154.8,8.9,10.0,10.3,9.5,9.7
Michael Pittman Jr.,68,488,IND,WR,0,0,0,1,16,118.0,216.5,220.5,167.0,180.5,7.4,13.5,13.8,10.4,11.3
D'Andre Swift,69,487,DET,RB,0,1,0,0,14,143.0,191.1,197.1,167.1,174.6,10.2,13.7,14.1,11.9,12.5
Dawson Knox,70,486,BUF,TE,0,0,1,0,15,88.0,135.7,138.7,111.7,118.5,5.9,9.0,9.2,7.4,7.9
Zay Jones,71,485,JAX,WR,0,0,0,1,16,116.0,198.1,201.1,157.1,168.1,7.3,12.4,12.6,9.8,10.5
Dallas Goedert,72,484,PHI,TE,0,0,1,0,12,86.0,141.2,145.2,113.7,121.5,7.2,11.8,12.1,9.5,10.1
Dalton Schultz,73,483,DAL,TE,0,0,1,0,15,86.0,142.7,146.7,114.2,122.4,5.7,9.5,9.8,7.6,8.2
Allen Lazard,74,482,GNB,WR,0,0,0,1,15,115.0,174.8,177.8,144.8,153.1,7.7,11.7,11.9,9.7,10.2
Pat Freiermuth,75,481,PIT,TE,0,0,1,0,16,85.0,148.2,151.2,116.7,125.3,5.3,9.3,9.5,7.3,7.8
Jerick McKinnon,76,480,KAN,RB,0,1,0,0,17,140.0,196.3,203.3,168.3,177.0,8.2,11.5,12.0,9.9,10.4
Tom Brady,77,479,TAM,QB,1,0,0,0,17,272.0,271.7,287.7,280.7,278.0,16.0,16.0,16.9,16.5,16.4
Aaron Rodgers,78,478,GNB,QB,1,0,0,0,17,239.0,239.2,258.2,251.2,246.9,14.1,14.1,15.2,14.8,14.5
Lamar Jackson,79,477,BAL,QB,1,0,0,0,12,236.0,236.1,251.1,243.1,241.6,19.7,19.7,20.9,20.3,20.1
Tua Tagovailoa,80,476,MIA,QB,1,0,0,0,13,231.0,230.9,242.9,238.9,235.9,17.8,17.8,18.7,18.4,18.1
Russell Wilson,81,475,DEN,QB,1,0,0,0,15,225.0,225.8,244.8,236.3,233.0,15.0,15.1,16.3,15.8,15.5
Derek Carr,82,474,LVR,QB,1,0,0,0,15,219.0,219.1,239.1,233.1,227.6,14.6,14.6,15.9,15.5,15.2
Kyler Murray,83,473,ARI,QB,1,0,0,0,11,201.0,200.5,215.5,207.5,206.1,18.3,18.2,19.6,18.9,18.7
Dak Prescott,84,472,DAL,QB,1,0,0,0,12,199.0,198.6,220.6,213.6,208.0,16.6,16.6,18.4,17.8,17.3
Marcus Mariota,85,471,ATL,QB,1,0,0,0,13,197.0,196.6,214.6,205.6,203.5,15.2,15.1,16.5,15.8,15.7
Davis Mills,86,470,HOU,QB,1,0,0,0,15,182.0,181.5,205.5,196.5,191.4,12.1,12.1,13.7,13.1,12.8
Andy Dalton,87,469,NOR,QB,1,0,0,0,14,174.0,174.2,187.2,183.2,179.7,12.4,12.4,13.4,13.1,12.8
Mac Jones,88,468,NWE,QB,1,0,0,0,14,170.0,170.1,188.1,181.1,177.3,12.1,12.2,13.4,12.9,12.7
Jacoby Brissett,89,467,CLE,QB,1,0,0,0,16,169.0,168.6,184.6,174.6,174.2,10.6,10.5,11.5,10.9,10.9
Jimmy Garoppolo,90,466,SFO,QB,1,0,0,0,11,165.0,164.8,173.8,168.8,168.1,15.0,15.0,15.8,15.3,15.3
Ryan Tannehill,91,465,TEN,QB,1,0,0,0,12,161.0,161.2,172.2,167.2,165.4,13.4,13.4,14.4,13.9,13.8
Matt Ryan,92,464,IND,QB,1,0,0,0,12,155.0,155.3,176.3,168.3,163.7,12.9,12.9,14.7,14.0,13.6
Kenny Pickett,93,463,PIT,QB,1,0,0,0,13,150.0,149.9,165.9,158.9,156.2,11.5,11.5,12.8,12.2,12.0
AJ Dillon,94,462,GNB,RB,0,1,0,0,17,140.0,167.6,173.6,153.6,158.7,8.2,9.9,10.2,9.0,9.3
Devin Singletary,95,461,BUF,RB,0,1,0,0,16,140.0,177.9,186.9,158.9,165.9,8.8,11.1,11.7,9.9,10.4
Raheem Mostert,96,460,MIA,RB,0,1,0,0,16,137.0,168.3,175.3,152.8,158.4,8.6,10.5,11.0,9.6,9.9
Jeff Wilson,97,459,2TM,RB,0,1,0,0,16,137.0,158.5,166.5,147.5,152.4,8.6,9.9,10.4,9.2,9.5
Dameon Pierce,98,458,HOU,RB,0,1,0,0,13,136.0,166.4,174.4,151.4,157.1,10.5,12.8,13.4,11.6,12.1
Cordarrelle Patterson,99,457,ATL,RB,0,1,0,0,13,134.0,154.7,161.7,144.2,148.7,10.3,11.9,12.4,11.1,11.4
Cam Akers,100,456,LAR,RB,0,1,0,0,15,128.0,141.3,149.3,134.8,138.4,8.5,9.4,10.0,9.0,9.2
Latavius Murray,101,455,2TM,RB,0,1,0,0,13,127.0,154.2,160.2,140.7,145.5,9.8,11.9,12.3,10.8,11.2
D'Onta Foreman,102,454,CAR,RB,0,1,0,0,17,126.0,131.0,134.0,128.5,129.9,7.4,7.7,7.9,7.6,7.6
Isiah Pacheco,103,453,KAN,RB,0,1,0,0,17,122.0,135.0,143.0,128.5,132.1,7.2,7.9,8.4,7.6,7.8
Baker Mayfield,104,452,2TM,QB,1,0,0,0,12,121.0,121.4,134.4,129.4,126.6,10.1,10.1,11.2,10.8,10.5
Antonio Gibson,105,451,WAS,RB,0,1,0,0,15,120.0,165.9,171.9,142.9,150.2,8.0,11.1,11.5,9.5,10.0
Jonathan Taylor,106,450,IND,RB,0,1,0,0,11,118.0,146.4,155.4,132.4,138.1,10.7,13.3,14.1,12.0,12.6
Taylor Heinicke,107,449,WAS,QB,1,0,0,0,9,116.0,116.0,130.0,122.0,121.0,12.9,12.9,14.4,13.6,13.4
George Pickens,108,448,PIT,WR,0,0,0,1,17,115.0,166.5,169.5,140.5,147.9,6.8,9.8,10.0,8.3,8.7
Mike Williams,109,447,LAC,WR,0,0,0,1,13,114.0,176.5,179.5,145.0,153.8,8.8,13.6,13.8,11.2,11.8
Jakobi Meyers,110,446,NWE,WR,0,0,0,1,14,113.0,180.3,185.3,146.8,156.4,8.1,12.9,13.2,10.5,11.2
Carson Wentz,111,445,WAS,QB,1,0,0,0,8,113.0,112.8,125.8,121.8,118.4,14.1,14.1,15.7,15.2,14.8
Curtis Samuel,112,444,WAS,WR,0,0,0,1,17,112.0,176.3,183.3,144.3,154.0,6.6,10.4,10.8,8.5,9.1
Deebo Samuel,113,443,SFO,WR,0,0,0,1,13,112.0,168.4,176.4,140.4,149.3,8.6,13.0,13.6,10.8,11.5
Adam Thielen,114,442,MIN,WR,0,0,0,1,17,110.0,180.0,183.0,145.0,154.5,6.5,10.6,10.8,8.5,9.1
Tyler Boyd,115,441,CIN,WR,0,0,0,1,16,109.0,167.1,170.1,138.1,146.1,6.8,10.4,10.6,8.6,9.1
Khalil Herbert,116,440,CHI,RB,0,1,0,0,13,109.0,117.8,120.8,113.3,115.2,8.4,9.1,9.3,8.7,8.9
Matthew Stafford,117,439,LAR,QB,1,0,0,0,9,108.0,108.4,122.4,116.4,113.8,12.0,12.0,13.6,12.9,12.6
Drake London,118,438,ATL,WR,0,0,0,1,17,107.0,178.6,184.6,142.6,153.2,6.3,10.5,10.9,8.4,9.0
JuJu Smith-Schuster,119,437,KAN,WR,0,0,0,1,16,107.0,185.3,190.3,146.3,157.2,6.7,11.6,11.9,9.1,9.8
Donovan Peoples-Jones,120,436,CLE,WR,0,0,0,1,17,106.0,167.1,171.1,136.6,145.2,6.2,9.8,10.1,8.0,8.5
Brock Purdy,121,435,SFO,QB,1,0,0,0,9,106.0,106.3,113.3,110.3,109.0,11.8,11.8,12.6,12.3,12.1
Samaje Perine,122,434,CIN,RB,0,1,0,0,16,104.0,142.1,148.1,123.1,129.3,6.5,8.9,9.3,7.7,8.1
Brian Robinson Jr.,123,433,WAS,RB,0,1,0,0,12,104.0,112.7,115.7,108.2,110.2,8.7,9.4,9.6,9.0,9.2
Keenan Allen,124,432,LAC,WR,0,0,0,1,10,98.0,164.0,168.0,131.0,140.3,9.8,16.4,16.8,13.1,14.0
Zach Wilson,125,431,NYJ,QB,1,0,0,0,9,98.0,98.9,112.9,105.4,103.8,10.9,11.0,12.5,11.7,11.5
Mack Hollins,126,430,LVR,WR,0,0,0,1,17,97.0,154.2,157.2,125.7,133.5,5.7,9.1,9.2,7.4,7.9
Josh Palmer,127,429,LAC,WR,0,0,0,1,16,97.0,169.3,172.3,133.3,143.0,6.1,10.6,10.8,8.3,8.9
Jahan Dotson,128,428,WAS,WR,0,0,0,1,12,96.0,130.6,133.6,113.1,118.3,8.0,10.9,11.1,9.4,9.9
Breece Hall,129,427,NYJ,RB,0,1,0,0,7,96.0,115.1,122.1,105.6,109.7,13.7,16.4,17.4,15.1,15.7
K.J. Osborn,130,426,MIN,WR,0,0,0,1,17,96.0,155.6,158.6,125.6,134.0,5.6,9.2,9.3,7.4,7.9
Diontae Johnson,131,425,PIT,WR,0,0,0,1,17,95.0,180.7,183.7,137.7,149.3,5.6,10.6,10.8,8.1,8.8
Courtland Sutton,132,424,DEN,WR,0,0,0,1,15,95.0,159.4,162.4,127.4,136.1,6.3,10.6,10.8,8.5,9.1
Kareem Hunt,133,423,CLE,RB,0,1,0,0,17,92.0,126.8,132.8,109.3,115.2,5.4,7.5,7.8,6.4,6.8
Marquise Brown,134,422,ARI,WR,0,0,0,1,12,89.0,156.0,159.0,122.5,131.6,7.4,13.0,13.3,10.2,11.0
Brandin Cooks,135,421,HOU,WR,0,0,0,1,13,89.0,145.6,148.6,117.1,125.1,6.8,11.2,11.4,9.0,9.6
Rachaad White,136,420,TAM,RB,0,1,0,0,17,89.0,139.1,148.1,114.1,122.6,5.2,8.2,8.7,6.7,7.2
DeAndre Hopkins,137,419,ARI,WR,0,0,0,1,9,88.0,151.7,155.7,119.7,128.8,9.8,16.9,17.3,13.3,14.3
Kenyan Drake,138,418,BAL,RB,0,1,0,0,12,87.0,104.1,107.1,95.6,98.5,7.3,8.7,8.9,8.0,8.2
Parris Campbell,139,417,IND,WR,0,0,0,1,17,86.0,149.1,152.1,117.6,126.2,5.1,8.8,8.9,6.9,7.4
Sam Darnold,140,416,CAR,QB,1,0,0,0,6,86.0,86.3,97.3,89.3,89.7,14.3,14.4,16.2,14.9,15.0 
Deshaun Watson,141,415,CLE,QB,1,0,0,0,6,86.0,85.6,96.6,90.6,89.7,14.3,14.3,16.1,15.1,15.0
Michael Carter,142,414,NYJ,RB,0,1,0,0,16,85.0,126.0,133.0,105.5,112.4,5.3,7.9,8.3,6.6,7.0
James Cook,143,413,BUF,RB,0,1,0,0,16,85.0,105.7,112.7,95.2,99.7,5.3,6.6,7.0,6.0,6.2
David Njoku,144,412,CLE,TE,0,0,1,0,14,84.0,142.0,146.0,113.0,121.3,6.0,10.1,10.4,8.1,8.7
Gerald Everett,145,411,LAC,TE,0,0,1,0,16,82.0,139.5,142.5,110.5,118.6,5.1,8.7,8.9,6.9,7.4
Darius Slayton,146,410,NYG,WR,0,0,0,1,16,82.0,128.4,132.4,105.4,112.1,5.1,8.0,8.3,6.6,7.0
Clyde Edwards-Helaire,147,409,KAN,RB,0,1,0,0,10,81.0,98.3,104.3,89.8,93.4,8.1,9.8,10.4,9.0,9.3
Jordan Akins,148,408,HOU,TE,0,0,1,0,15,80.0,116.5,120.5,98.0,103.8,5.3,7.8,8.0,6.5,6.9
Tyler Higbee,149,407,LAR,TE,0,0,1,0,17,80.0,152.0,155.0,116.0,125.8,4.7,8.9,9.1,6.8,7.4
Marquez Valdes-Scantling,150,406,KAN,WR,0,0,0,1,17,80.0,122.4,125.4,101.4,107.3,4.7,7.2,7.4,6.0,6.3
Devin Duvernay,151,405,BAL,WR,0,0,0,1,14,79.0,116.1,119.1,97.6,103.0,5.6,8.3,8.5,7.0,7.4
Isaiah McKenzie,152,404,BUF,WR,0,0,0,1,15,78.0,119.8,122.8,98.8,104.9,5.2,8.0,8.2,6.6,7.0
James Robinson,153,403,2TM,RB,0,1,0,0,11,78.0,88.6,91.6,83.1,85.3,7.1,8.1,8.3,7.6,7.8
Richie James,154,402,NYG,WR,0,0,0,1,17,76.0,132.5,138.5,104.0,112.8,4.5,7.8,8.1,6.1,6.6
Tyler Conklin,155,401,NYJ,TE,0,0,1,0,17,74.0,131.5,134.5,102.5,110.6,4.4,7.7,7.9,6.0,6.5
J.K. Dobbins,156,400,BAL,RB,0,1,0,0,8,74.0,81.2,84.2,77.7,79.3,9.3,10.2,10.5,9.7,9.9
Damien Harris,157,399,NWE,RB,0,1,0,0,11,74.0,90.9,93.9,82.4,85.3,6.7,8.3,8.5,7.5,7.8
Chuba Hubbard,158,398,CAR,RB,0,1,0,0,15,74.0,87.7,94.7,80.7,84.3,4.9,5.8,6.3,5.4,5.6
Mitchell Trubisky,159,397,PIT,QB,1,0,0,0,7,74.0,73.9,81.9,78.9,77.2,10.6,10.6,11.7,11.3,11.0
Noah Fant,160,396,SEA,TE,0,0,1,0,17,73.0,122.6,125.6,97.6,104.7,4.3,7.2,7.4,5.7,6.2
Russell Gage,161,395,TAM,WR,0,0,0,1,13,73.0,123.6,127.6,98.1,105.6,5.6,9.5,9.8,7.5,8.1
Alexander Mattison,162,394,MIN,RB,0,1,0,0,17,73.0,88.4,91.4,80.9,83.4,4.3,5.2,5.4,4.8,4.9
Rashid Shaheed,163,393,NOR,WR,0,0,0,1,12,73.0,100.5,103.5,86.5,90.9,6.1,8.4,8.6,7.2,7.6
Noah Brown,164,392,DAL,WR,0,0,0,1,16,72.0,114.5,118.5,93.0,99.5,4.5,7.2,7.4,5.8,6.2
DeVante Parker,165,391,NWE,WR,0,0,0,1,13,72.0,102.9,105.9,87.4,92.1,5.5,7.9,8.1,6.7,7.1
Marvin Jones,166,390,JAX,WR,0,0,0,1,16,71.0,116.9,119.9,93.9,100.4,4.4,7.3,7.5,5.9,6.3
Alec Pierce,167,389,IND,WR,0,0,0,1,16,71.0,112.3,115.3,91.8,97.6,4.4,7.0,7.2,5.7,6.1
Olamide Zaccheaus,168,388,ATL,WR,0,0,0,1,17,70.0,110.0,114.0,90.0,96.0,4.1,6.5,6.7,5.3,5.6
Zach Ertz,169,387,ARI,TE,0,0,1,0,10,69.0,115.6,118.6,92.1,98.8,6.9,11.6,11.9,9.2,9.9
Mecole Hardman,170,386,KAN,WR,0,0,0,1,8,69.0,93.8,96.8,81.3,85.2,8.6,11.7,12.1,10.2,10.7
Kalif Raymond,171,385,DET,WR,0,0,0,1,17,69.0,116.2,120.2,92.7,99.5,4.1,6.8,7.1,5.5,5.9
DJ Chark,172,384,DET,WR,0,0,0,1,11,68.0,98.2,101.2,83.2,87.7,6.2,8.9,9.2,7.6,8.0
Chris Moore,173,383,HOU,WR,0,0,0,1,16,67.0,115.1,118.1,91.1,97.8,4.2,7.2,7.4,5.7,6.1
DeAndre Carter,174,382,LAC,WR,0,0,0,1,17,66.0,112.3,117.3,89.3,96.2,3.9,6.6,6.9,5.3,5.7
Corey Davis,175,381,NYJ,WR,0,0,0,1,13,66.0,97.6,100.6,81.6,86.5,5.1,7.5,7.7,6.3,6.7
Michael Gallup,176,380,DAL,WR,0,0,0,1,14,66.0,105.4,108.4,85.9,91.4,4.7,7.5,7.7,6.1,6.5
Mike Gesicki,177,379,MIA,TE,0,0,1,0,17,66.0,98.2,101.2,82.2,86.9,3.9,5.8,6.0,4.8,5.1
Josh Reynolds,178,378,DET,WR,0,0,0,1,14,66.0,103.9,106.9,84.9,90.4,4.7,7.4,7.6,6.1,6.5
Eno Benjamin,179,377,3TM,RB,0,1,0,0,15,65.0,89.6,95.6,77.1,81.8,4.3,6.0,6.4,5.1,5.5
Kenneth Gainwell,180,376,PHI,RB,0,1,0,0,17,65.0,87.9,93.9,76.4,80.8,3.8,5.2,5.5,4.5,4.8
Chigoziem Okonkwo,181,375,TEN,TE,0,0,1,0,17,65.0,97.2,100.2,81.2,85.9,3.8,5.7,5.9,4.8,5.1
Jaylen Warren,182,374,PIT,RB,0,1,0,0,16,65.0,93.3,99.3,79.3,84.2,4.1,5.8,6.2,5.0,5.3
Marquise Goodwin,183,373,SEA,WR,0,0,0,1,13,63.0,90.2,93.2,76.7,80.8,4.8,6.9,7.2,5.9,6.2
Hunter Henry,184,372,NWE,TE,0,0,1,0,17,63.0,103.9,106.9,83.4,89.3,3.7,6.1,6.3,4.9,5.3
Isaiah Hodgins,185,371,2TM,WR,0,0,0,1,10,63.0,100.2,104.2,81.7,87.3,6.3,10.0,10.4,8.2,8.7
Robert Woods,186,370,TEN,WR,0,0,0,1,17,63.0,115.7,119.7,89.2,96.9,3.7,6.8,7.0,5.2,5.7
Melvin Gordon,187,369,DEN,RB,0,1,0,0,10,62.0,87.1,95.1,74.6,79.7,6.2,8.7,9.5,7.5,8.0
Darnell Mooney,188,368,CHI,WR,0,0,0,1,12,62.0,101.5,104.5,81.5,87.4,5.2,8.5,8.7,6.8,7.3
Treylon Burks,189,367,TEN,WR,0,0,0,1,11,61.0,94.1,97.1,77.6,82.5,5.5,8.6,8.8,7.1,7.5
Greg Dortch,190,366,ARI,WR,0,0,0,1,16,61.0,113.1,117.1,87.1,94.6,3.8,7.1,7.3,5.4,5.9
Nico Collins,191,365,HOU,WR,0,0,0,1,10,60.0,97.1,100.1,78.6,84.0,6.0,9.7,10.0,7.9,8.4
Romeo Doubs,192,364,GNB,WR,0,0,0,1,13,60.0,101.6,105.6,80.6,87.0,4.6,7.8,8.1,6.2,6.7
Chase Claypool,193,363,2TM,WR,0,0,0,1,15,59.0,105.0,109.0,82.0,88.8,3.9,7.0,7.3,5.5,5.9
Gus Edwards,194,362,BAL,RB,0,1,0,0,9,59.0,59.3,63.3,59.3,60.2,6.6,6.6,7.0,6.6,6.7
Robert Tonyan,195,361,GNB,TE,0,0,1,0,17,59.0,112.0,115.0,85.5,92.9,3.5,6.6,6.8,5.0,5.5
Chase Edmonds,196,360,2TM,RB,0,1,0,0,13,58.0,74.2,80.2,66.2,69.7,4.5,5.7,6.2,5.1,5.4
Nick Westbrook-Ikhine,197,359,TEN,WR,0,0,0,1,17,58.0,82.7,85.7,70.2,74.2,3.4,4.9,5.0,4.1,4.4
Darrell Henderson,198,358,LAR,RB,0,1,0,0,10,57.0,73.5,79.5,65.0,68.8,5.7,7.4,8.0,6.5,6.9
Cooper Rush,199,357,DAL,QB,1,0,0,0,9,57.0,56.6,62.6,59.6,59.0,6.3,6.3,7.0,6.6,6.6
Darren Waller,200,356,LVR,TE,0,0,1,0,9,57.0,84.8,87.8,70.8,75.1,6.3,9.4,9.8,7.9,8.3
Mike White,201,355,NYJ,QB,1,0,0,0,4,57.0,56.6,64.6,60.6,59.7,14.3,14.2,16.2,15.2,14.9
Dontrell Hilliard,202,354,TEN,RB,0,1,0,0,12,56.0,77.2,83.2,66.7,70.8,4.7,6.4,6.9,5.6,5.9
Austin Hooper,203,353,TEN,TE,0,0,1,0,17,56.0,97.4,100.4,76.9,82.7,3.3,5.7,5.9,4.5,4.9
Demarcus Robinson,204,352,BAL,WR,0,0,0,1,17,56.0,103.8,107.8,79.8,86.9,3.3,6.1,6.3,4.7,5.1
Deon Jackson,205,351,IND,RB,0,1,0,0,16,55.0,84.5,91.5,69.5,75.1,3.4,5.3,5.7,4.3,4.7
Van Jefferson,206,350,LAR,WR,0,0,0,1,11,55.0,78.9,81.9,66.9,70.7,5.0,7.2,7.4,6.1,6.4
Isaiah Likely,207,349,BAL,TE,0,0,1,0,16,55.0,91.3,94.3,73.3,78.5,3.4,5.7,5.9,4.6,4.9
Terrace Marshall Jr.,208,348,CAR,WR,0,0,0,1,14,55.0,83.0,86.0,69.0,73.3,3.9,5.9,6.1,4.9,5.2
Zack Moss,209,347,2TM,RB,0,1,0,0,13,54.0,64.5,68.5,59.0,61.5,4.2,5.0,5.3,4.5,4.7
Trent Sherfield,210,346,MIA,WR,0,0,0,1,17,54.0,83.7,86.7,68.7,73.3,3.2,4.9,5.1,4.0,4.3
Kendrick Bourne,211,345,NWE,WR,0,0,0,1,16,53.0,88.3,91.3,70.8,75.9,3.3,5.5,5.7,4.4,4.7
Will Dissly,212,344,SEA,TE,0,0,1,0,15,53.0,86.9,89.9,69.9,74.9,3.5,5.8,6.0,4.7,5.0
Greg Dulcich,213,343,DEN,TE,0,0,1,0,10,53.0,86.1,89.1,69.6,74.5,5.3,8.6,8.9,7.0,7.4
Hayden Hurst,214,342,CIN,TE,0,0,1,0,13,53.0,105.4,108.4,79.4,86.6,4.1,8.1,8.3,6.1,6.7
Foster Moreau,215,341,LVR,TE,0,0,1,0,15,52.0,85.2,89.2,68.7,73.8,3.5,5.7,5.9,4.6,4.9
Allen Robinson,216,340,LAR,WR,0,0,0,1,10,52.0,84.9,87.9,68.4,73.3,5.2,8.5,8.8,6.8,7.3
Quez Watkins,217,339,PHI,WR,0,0,0,1,17,52.0,84.5,88.5,68.0,73.3,3.1,5.0,5.2,4.0,4.3
Nyheim Hines,218,338,2TM,RB,0,1,0,0,16,51.0,81.4,84.4,66.4,70.8,3.2,5.1,5.3,4.2,4.4
Joshua Kelley,219,337,LAC,RB,0,1,0,0,13,51.0,64.8,70.8,57.8,61.1,3.9,5.0,5.4,4.4,4.7
Elijah Moore,220,336,NYJ,WR,0,0,0,1,16,51.0,88.1,91.1,69.6,75.0,3.2,5.5,5.7,4.4,4.7
Cade Otton,221,335,TAM,TE,0,0,1,0,16,51.0,93.1,96.1,72.1,78.1,3.2,5.8,6.0,4.5,4.9
Jamycal Hasty,222,334,JAX,RB,0,1,0,0,17,50.0,70.0,76.0,60.0,64.0,2.9,4.1,4.5,3.5,3.8
Tyler Huntley,223,333,BAL,QB,1,0,0,0,6,50.0,50.0,59.0,53.0,53.0,8.3,8.3,9.8,8.8,8.8
Jelani Woods,224,332,IND,TE,0,0,1,0,15,49.0,74.2,77.2,61.7,65.5,3.3,4.9,5.1,4.1,4.4
Randall Cobb,225,331,GNB,WR,0,0,0,1,13,48.0,81.7,84.7,64.7,69.8,3.7,6.3,6.5,5.0,5.4
Joe Flacco,226,330,NYJ,QB,1,0,0,0,5,48.0,48.3,58.3,51.3,51.5,9.6,9.7,11.7,10.3,10.3
Trenton Irwin,227,329,CIN,WR,0,0,0,1,9,48.0,63.2,66.2,55.7,58.3,5.3,7.0,7.4,6.2,6.5
Jauan Jennings,228,328,SFO,WR,0,0,0,1,16,48.0,82.6,85.6,65.1,70.3,3.0,5.2,5.4,4.1,4.4 
Rashaad Penny,229,327,SEA,RB,0,1,0,0,5,48.0,52.2,55.2,50.2,51.4,9.6,10.4,11.0,10.0,10.3
Kyle Pitts,230,326,ATL,TE,0,0,1,0,10,48.0,75.6,78.6,61.6,66.0,4.8,7.6,7.9,6.2,6.6
Jamal Agnew,231,325,JAX,WR,0,0,0,1,15,47.0,70.3,73.3,58.8,62.4,3.1,4.7,4.9,3.9,4.2
Rondale Moore,232,324,ARI,WR,0,0,0,1,8,47.0,87.9,90.9,67.4,73.3,5.9,11.0,11.4,8.4,9.2
Julio Jones,233,323,TAM,WR,0,0,0,1,10,46.0,70.4,73.4,58.4,62.1,4.6,7.0,7.3,5.8,6.2
Zonovan Knight,234,322,NYJ,RB,0,1,0,0,7,46.0,59.0,65.0,52.5,55.6,6.6,8.4,9.3,7.5,7.9
Dante Pettis,235,321,CHI,WR,0,0,0,1,17,46.0,65.2,68.2,55.7,58.8,2.7,3.8,4.0,3.3,3.5
Laviska Shenault Jr.,236,320,CAR,WR,0,0,0,1,13,46.0,72.7,75.7,59.2,63.4,3.5,5.6,5.8,4.6,4.9
Brock Wright,237,319,DET,TE,0,0,1,0,17,46.0,63.6,66.6,54.6,57.7,2.7,3.7,3.9,3.2,3.4
Tutu Atwell,238,318,LAR,WR,0,0,0,1,13,45.0,63.2,66.2,54.2,57.2,3.5,4.9,5.1,4.2,4.4
Daniel Bellinger,239,317,NYG,TE,0,0,1,0,12,45.0,75.0,79.0,60.0,64.8,3.8,6.3,6.6,5.0,5.4
Ben Skowronek,240,316,LAR,WR,0,0,0,1,14,45.0,84.3,87.3,64.8,70.4,3.2,6.0,6.2,4.6,5.0
Nelson Agholor,241,315,NWE,WR,0,0,0,1,16,44.0,75.2,80.2,59.7,64.8,2.8,4.7,5.0,3.7,4.0
Ray-Ray McCloud,242,314,SFO,WR,0,0,0,1,17,44.0,58.1,61.1,51.1,53.6,2.6,3.4,3.6,3.0,3.2
Colby Parkinson,243,313,SEA,TE,0,0,1,0,17,44.0,69.2,72.2,56.7,60.5,2.6,4.1,4.2,3.3,3.6
Equanimeous St. Brown,244,312,CHI,WR,0,0,0,1,16,44.0,64.7,67.7,54.2,57.7,2.8,4.0,4.2,3.4,3.6
Tyquan Thornton,245,311,NWE,WR,0,0,0,1,13,44.0,66.3,69.3,55.3,58.7,3.4,5.1,5.3,4.3,4.5
Justin Watson,246,310,KAN,WR,0,0,0,1,17,44.0,58.5,61.5,51.0,53.8,2.6,3.4,3.6,3.0,3.2
Jameis Winston,247,309,NOR,QB,1,0,0,0,3,44.0,43.9,51.9,48.9,47.2,14.7,14.6,17.3,16.3,15.7
Caleb Huntley,248,308,ATL,RB,0,1,0,0,12,43.0,44.9,47.9,43.9,44.9,3.6,3.7,4.0,3.7,3.7
Hunter Renfrow,249,307,LVR,WR,0,0,0,1,10,43.0,79.0,83.0,61.0,66.5,4.3,7.9,8.3,6.1,6.7
Jarrett Stidham,250,306,LVR,QB,1,0,0,0,5,43.0,42.6,49.6,45.6,45.2,8.6,8.5,9.9,9.1,9.0
Noah Gray,251,305,KAN,TE,0,0,1,0,17,42.0,70.0,73.0,56.0,60.3,2.5,4.1,4.3,3.3,3.5
Elijah Mitchell,252,304,SFO,RB,0,1,0,0,5,41.0,43.6,46.6,42.1,43.3,8.2,8.7,9.3,8.4,8.7
Boston Scott,253,303,PHI,RB,0,1,0,0,15,41.0,46.2,49.2,43.7,45.0,2.7,3.1,3.3,2.9,3.0
Kadarius Toney,254,302,2TM,WR,0,0,0,1,9,41.0,57.3,61.3,49.3,52.2,4.6,6.4,6.8,5.5,5.8
Braxton Berrios,255,301,NYJ,WR,0,0,0,1,17,40.0,57.7,60.7,48.7,51.8,2.4,3.4,3.6,2.9,3.0
Matt Breida,256,300,NYG,RB,0,1,0,0,17,40.0,59.8,65.8,49.8,53.9,2.4,3.5,3.9,2.9,3.2
Rex Burkhead,257,299,HOU,RB,0,1,0,0,16,40.0,77.4,80.4,58.9,64.2,2.5,4.8,5.0,3.7,4.0
Shi Smith,258,298,CAR,WR,0,0,0,1,17,40.0,61.6,65.6,50.6,54.5,2.4,3.6,3.9,3.0,3.2
Rashod Bateman,259,297,BAL,WR,0,0,0,1,6,39.0,53.5,57.5,46.0,49.0,6.5,8.9,9.6,7.7,8.2
Damiere Byrd,260,296,ATL,WR,0,0,0,1,14,39.0,51.8,54.8,45.3,47.7,2.8,3.7,3.9,3.2,3.4
Justin Jackson,261,295,DET,RB,0,1,0,0,16,39.0,51.1,57.1,45.1,48.1,2.4,3.2,3.6,2.8,3.0
MyCole Pruitt,262,294,ATL,TE,0,0,1,0,13,39.0,55.0,58.0,47.0,49.8,3.0,4.2,4.5,3.6,3.8
Desmond Ridder,263,293,ATL,QB,1,0,0,0,4,39.0,38.7,43.7,38.7,40.0,9.8,9.7,10.9,9.7,10.0
P.J. Walker,264,292,CAR,QB,1,0,0,0,6,39.0,39.1,45.1,42.1,41.3,6.5,6.5,7.5,7.0,6.9
Bailey Zappe,265,291,NWE,QB,1,0,0,0,4,39.0,39.6,48.6,42.1,42.3,9.8,9.9,12.2,10.5,10.6
Teddy Bridgewater,266,290,MIA,QB,1,0,0,0,5,38.0,38.0,45.0,42.0,40.8,7.6,7.6,9.0,8.4,8.2
A.J. Green,267,289,ARI,WR,0,0,0,1,15,38.0,61.6,64.6,49.6,53.5,2.5,4.1,4.3,3.3,3.6
Logan Thomas,268,288,WAS,TE,0,0,1,0,14,38.0,77.3,80.3,57.8,63.4,2.7,5.5,5.7,4.1,4.5
Gardner Minshew II,269,287,PHI,QB,1,0,0,0,5,37.0,36.8,43.8,39.8,39.4,7.4,7.4,8.8,8.0,7.9
Sam Ehlinger,270,286,IND,QB,1,0,0,0,4,36.0,35.6,42.6,38.6,38.2,9.0,8.9,10.7,9.7,9.6
Mo Alie-Cox,271,285,IND,TE,0,0,1,0,17,35.0,53.9,57.9,44.4,47.8,2.1,3.2,3.4,2.6,2.8
Kyle Juszczyk,272,284,SFO,RB,0,1,0,0,16,35.0,53.6,56.6,44.1,47.3,2.2,3.4,3.5,2.8,3.0
Jarvis Landry,273,283,NOR,WR,0,0,0,1,9,35.0,60.2,63.2,47.7,51.5,3.9,6.7,7.0,5.3,5.7
Michael Thomas,274,282,NOR,WR,0,0,0,1,3,35.0,51.1,54.1,43.1,45.8,11.7,17.0,18.0,14.4,15.3
C.J. Uzomah,275,281,NYJ,TE,0,0,1,0,15,35.0,56.2,59.2,45.7,49.0,2.3,3.7,3.9,3.0,3.3
Mark Ingram,276,280,NOR,RB,0,1,0,0,10,34.0,50.1,55.1,42.1,45.3,3.4,5.0,5.5,4.2,4.5
Tre'Quan Smith,277,279,NOR,WR,0,0,0,1,15,34.0,52.8,55.8,43.3,46.5,2.3,3.5,3.7,2.9,3.1
Raheem Blackshear,278,278,CAR,RB,0,1,0,0,13,33.0,43.0,44.0,38.0,39.5,2.5,3.3,3.4,2.9,3.0
Trey McBride,279,277,ARI,TE,0,0,1,0,16,33.0,61.5,64.5,47.0,51.5,2.1,3.8,4.0,2.9,3.2
Colt McCoy,280,276,ARI,QB,1,0,0,0,4,33.0,32.8,38.8,35.8,35.1,8.3,8.2,9.7,9.0,8.8
Tommy Tremble,281,275,CAR,TE,0,0,1,0,17,33.0,52.4,56.4,42.9,46.2,1.9,3.1,3.3,2.5,2.7
Robbie Anderson,282,274,2TM,WR,0,0,0,1,16,32.0,52.2,56.2,42.2,45.7,2.0,3.3,3.5,2.6,2.9
Phillip Dorsett,283,273,HOU,WR,0,0,0,1,15,32.0,51.7,54.7,41.7,45.0,2.1,3.4,3.6,2.8,3.0
Kendall Hinton,284,272,DEN,WR,0,0,0,1,12,32.0,56.4,59.4,44.4,48.1,2.7,4.7,5.0,3.7,4.0
Jordan Mason,285,271,SFO,RB,0,1,0,0,16,32.0,31.8,34.8,31.8,32.6,2.0,2.0,2.2,2.0,2.0
Harrison Bryant,286,270,CLE,TE,0,0,1,0,17,31.0,61.7,64.7,46.2,50.9,1.8,3.6,3.8,2.7,3.0
Ty Johnson,287,269,NYJ,RB,0,1,0,0,17,31.0,42.8,45.8,36.8,39.1,1.8,2.5,2.7,2.2,2.3
Sammy Watkins,288,268,2TM,WR,0,0,0,1,12,31.0,46.5,50.5,38.5,41.6,2.6,3.9,4.2,3.2,3.5
Kylen Granson,289,267,IND,TE,0,0,1,0,13,30.0,61.2,64.2,45.7,50.3,2.3,4.7,4.9,3.5,3.9
Justice Hill,290,266,BAL,RB,0,1,0,0,15,30.0,42.0,46.0,36.0,38.5,2.0,2.8,3.1,2.4,2.6
Marlon Mack,291,265,2TM,RB,0,1,0,0,8,30.0,38.3,38.3,34.3,35.2,3.8,4.8,4.8,4.3,4.4
Irv Smith Jr.,292,264,MIN,TE,0,0,1,0,8,30.0,55.2,58.2,42.7,46.5,3.8,6.9,7.3,5.3,5.8
Shane Zylstra,293,263,DET,TE,0,0,1,0,13,30.0,41.0,41.0,35.5,36.9,2.3,3.2,3.2,2.7,2.8
Ameer Abdullah,294,262,LVR,RB,0,1,0,0,17,29.0,54.1,57.1,41.6,45.5,1.7,3.2,3.4,2.4,2.7
DeeJay Dallas,295,261,SEA,RB,0,1,0,0,15,29.0,46.2,53.2,38.7,41.8,1.9,3.1,3.5,2.6,2.8
Jake Ferguson,296,260,DAL,TE,0,0,1,0,16,29.0,48.4,51.4,38.9,41.9,1.8,3.0,3.2,2.4,2.6
Peyton Hendershot,297,259,DAL,TE,0,0,1,0,17,29.0,39.5,42.5,34.0,36.3,1.7,2.3,2.5,2.0,2.1
J.D. McKissic,298,258,WAS,RB,0,1,0,0,8,29.0,55.8,58.8,42.3,46.5,3.6,7.0,7.4,5.3,5.8
Dare Ogunbowale,299,257,HOU,RB,0,1,0,0,17,29.0,48.7,54.7,38.7,42.8,1.7,2.9,3.2,2.3,2.5
Wan'Dale Robinson,300,256,NYG,WR,0,0,0,1,6,29.0,51.6,54.6,40.1,43.8,4.8,8.6,9.1,6.7,7.3
Dyami Brown,301,255,WAS,WR,0,0,0,1,15,28.0,32.8,35.8,30.3,31.7,1.9,2.2,2.4,2.0,2.1
Malik Davis,302,254,DAL,RB,0,1,0,0,12,28.0,34.4,37.4,31.4,32.8,2.3,2.9,3.1,2.6,2.7
Ashton Dulin,303,253,IND,WR,0,0,0,1,12,28.0,42.5,45.5,35.0,37.8,2.3,3.5,3.8,2.9,3.1
KhaDarel Hodge,304,252,ATL,WR,0,0,0,1,17,28.0,41.2,44.2,34.7,37.0,1.6,2.4,2.6,2.0,2.2
Travis Homer,305,251,SEA,RB,0,1,0,0,10,27.0,43.1,47.1,35.1,38.1,2.7,4.3,4.7,3.5,3.8
O.J. Howard,306,250,HOU,TE,0,0,1,0,13,27.0,36.5,39.5,31.5,33.6,2.1,2.8,3.0,2.4,2.6
Velus Jones Jr.,307,249,CHI,WR,0,0,0,1,12,27.0,34.0,43.0,30.5,33.6,2.3,2.8,3.6,2.5,2.8
Josh Oliver,308,248,BAL,TE,0,0,1,0,17,27.0,40.9,43.9,33.9,36.4,1.6,2.4,2.6,2.0,2.1
Adam Trautman,309,247,NOR,TE,0,0,1,0,15,27.0,44.7,47.7,35.7,38.8,1.8,3.0,3.2,2.4,2.6
Byron Pringle,310,246,CHI,WR,0,0,0,1,11,26.0,35.5,38.5,30.5,32.6,2.4,3.2,3.5,2.8,3.0
Javonte Williams,311,245,DEN,RB,0,1,0,0,4,26.0,42.0,46.0,34.0,37.0,6.5,10.5,11.5,8.5,9.3
Jonnu Smith,312,244,NWE,TE,0,0,1,0,14,25.0,52.0,55.0,38.5,42.6,1.8,3.7,3.9,2.8,3.0
Durham Smythe,313,243,MIA,TE,0,0,1,0,16,25.0,40.0,43.0,32.5,35.1,1.6,2.5,2.7,2.0,2.2
Gary Brightwell,314,242,NYG,RB,0,1,0,0,17,24.0,29.0,32.0,26.5,27.9,1.4,1.7,1.9,1.6,1.6
Connor Heyward,315,241,PIT,TE,0,0,1,0,17,24.0,35.8,38.8,29.8,32.1,1.4,2.1,2.3,1.8,1.9
Jalen Nailor,316,240,MIN,WR,0,0,0,1,15,24.0,32.9,35.9,28.4,30.3,1.6,2.2,2.4,1.9,2.0
Brandon Powell,317,239,LAR,WR,0,0,0,1,17,24.0,47.6,50.6,35.6,39.5,1.4,2.8,3.0,2.1,2.3
Khalil Shakir,318,238,BUF,WR,0,0,0,1,14,24.0,34.1,37.1,29.1,31.1,1.7,2.4,2.7,2.1,2.2
Alec Ingold,319,237,MIA,RB,0,1,0,0,17,23.0,38.3,41.3,30.8,33.4,1.4,2.3,2.4,1.8,2.0
Teagan Quitoriano,320,236,HOU,TE,0,0,1,0,9,23.0,30.3,33.3,26.8,28.4,2.6,3.4,3.7,3.0,3.2
Amari Rodgers,321,235,2TM,WR,0,0,0,1,16,23.0,39.1,44.1,31.1,34.3,1.4,2.4,2.8,1.9,2.1
Marquez Callaway,322,234,NOR,WR,0,0,0,1,14,22.0,37.8,40.8,29.8,32.6,1.6,2.7,2.9,2.1,2.3
River Cracraft,323,233,MIA,WR,0,0,0,1,11,22.0,31.2,34.2,26.7,28.5,2.0,2.8,3.1,2.4,2.6
Craig Reynolds,324,232,DET,RB,0,1,0,0,9,22.0,30.8,36.8,26.3,29.0,2.4,3.4,4.1,2.9,3.2
Kyren Williams,325,231,LAR,RB,0,1,0,0,10,22.0,30.5,33.5,26.0,28.0,2.2,3.1,3.4,2.6,2.8
David Bell,326,230,CLE,WR,0,0,0,1,16,21.0,45.4,48.4,33.4,37.1,1.3,2.8,3.0,2.1,2.3
Joshua Dobbs,327,229,TEN,QB,1,0,0,0,2,21.0,20.8,27.8,22.8,23.1,10.5,10.4,13.9,11.4,11.6
Jody Fortson,328,228,KAN,TE,0,0,1,0,13,21.0,29.8,33.8,25.3,27.5,1.6,2.3,2.6,1.9,2.1
C.J. Ham,329,227,MIN,RB,0,1,0,0,17,21.0,31.3,31.3,26.3,27.5,1.2,1.8,1.8,1.5,1.6
Marcedes Lewis,330,226,GNB,TE,0,0,1,0,17,21.0,26.6,26.6,23.6,24.5,1.2,1.6,1.6,1.4,1.4
Skyy Moore,331,225,KAN,WR,0,0,0,1,16,21.0,43.4,49.4,32.4,36.6,1.3,2.7,3.1,2.0,2.3
Zach Pascal,332,224,PHI,WR,0,0,0,1,17,21.0,36.0,39.0,28.5,31.1,1.2,2.1,2.3,1.7,1.8
Eric Saubert,333,223,DEN,TE,0,0,1,0,17,21.0,35.8,38.8,28.3,31.0,1.2,2.1,2.3,1.7,1.8
Sterling Shepard,334,222,NYG,WR,0,0,0,1,3,21.0,34.4,37.4,27.9,30.2,7.0,11.5,12.5,9.3,10.1
Davis Webb,335,221,NYG,QB,1,0,0,0,1,21.0,20.8,20.8,20.8,20.9,21.0,20.8,20.8,20.8,20.9
Mike Boone,336,220,DEN,RB,0,1,0,0,9,20.0,28.8,31.8,24.3,26.2,2.2,3.2,3.5,2.7,2.9
Keelan Cole,337,219,LVR,WR,0,0,0,1,14,20.0,30.1,33.1,25.1,27.1,1.4,2.2,2.4,1.8,1.9
Johnny Mundt,338,218,MIN,TE,0,0,1,0,17,20.0,39.0,42.0,29.5,32.6,1.2,2.3,2.5,1.7,1.9
Pierre Strong,339,217,NWE,RB,0,1,0,0,15,20.0,27.2,30.2,23.7,25.3,1.3,1.8,2.0,1.6,1.7
Ian Thomas,340,216,CAR,TE,0,0,1,0,17,20.0,40.7,43.7,30.2,33.7,1.2,2.4,2.6,1.8,2.0
Eric Tomlinson,341,215,DEN,TE,0,0,1,0,17,20.0,28.9,28.9,24.4,25.6,1.2,1.7,1.7,1.4,1.5
Mitchell Wilcox,342,214,CIN,TE,0,0,1,0,16,20.0,36.9,39.9,28.4,31.3,1.3,2.3,2.5,1.8,2.0
David Blough,343,213,ARI,QB,1,0,0,0,2,19.0,18.6,24.6,20.6,20.7,9.5,9.3,12.3,10.3,10.4
Tevin Coleman,344,212,SFO,RB,0,1,0,0,5,19.0,22.0,22.0,20.5,20.9,3.8,4.4,4.4,4.1,4.2
KJ Hamler,345,211,DEN,WR,0,0,0,1,7,19.0,25.8,28.8,22.3,24.0,2.7,3.7,4.1,3.2,3.4
Scott Miller,346,210,TAM,WR,0,0,0,1,15,19.0,42.3,45.3,30.8,34.4,1.3,2.8,3.0,2.1,2.3
Denzel Mims,347,209,NYJ,WR,0,0,0,1,10,19.0,29.6,32.6,24.1,26.3,1.9,3.0,3.3,2.4,2.6
Donald Parham,348,208,LAC,TE,0,0,1,0,6,19.0,29.0,32.0,24.0,26.0,3.2,4.8,5.3,4.0,4.3
Jalen Reagor,349,207,MIN,WR,0,0,0,1,17,19.0,26.9,29.9,22.9,24.7,1.1,1.6,1.8,1.3,1.5
Jonathan Williams,350,206,WAS,RB,0,1,0,0,13,19.0,26.2,29.2,22.7,24.3,1.5,2.0,2.2,1.7,1.9
Malik Willis,351,205,TEN,QB,1,0,0,0,8,19.0,19.3,27.3,22.3,22.0,2.4,2.4,3.4,2.8,2.7
Brandon Bolden,352,204,LVR,RB,0,1,0,0,16,18.0,27.3,27.3,22.8,23.9,1.1,1.7,1.7,1.4,1.5
Malcolm Brown,353,203,LAR,RB,0,1,0,0,11,18.0,22.8,22.8,20.3,21.0,1.6,2.1,2.1,1.8,1.9
Lawrence Cager,354,202,2TM,TE,0,0,1,0,7,18.0,30.8,33.8,24.3,26.7,2.6,4.4,4.8,3.5,3.8
N'Keal Harry,355,201,CHI,WR,0,0,0,1,7,18.0,24.6,27.6,21.1,22.8,2.6,3.5,3.9,3.0,3.3
Sam Howell,356,200,WAS,QB,1,0,0,0,1,18.0,18.3,19.3,19.3,18.7,18.0,18.3,19.3,19.3,18.7
Brett Rypien,357,199,DEN,QB,1,0,0,0,4,18.0,18.0,26.0,22.0,21.0,4.5,4.5,6.5,5.5,5.3
John Bates,358,198,WAS,TE,0,0,1,0,16,17.0,30.8,33.8,23.8,26.4,1.1,1.9,2.1,1.5,1.6
Cameron Brate,359,197,TAM,TE,0,0,1,0,11,17.0,37.4,40.4,27.4,30.6,1.5,3.4,3.7,2.5,2.8
Corey Clement,360,196,ARI,RB,0,1,0,0,9,17.0,21.9,21.9,19.4,20.1,1.9,2.4,2.4,2.2,2.2
Ross Dwelley,361,195,SFO,TE,0,0,1,0,12,17.0,19.5,22.5,18.0,19.3,1.4,1.6,1.9,1.5,1.6
James Mitchell,362,194,DET,TE,0,0,1,0,14,17.0,28.3,31.3,22.8,24.9,1.2,2.0,2.2,1.6,1.8
Steven Sims,363,193,PIT,WR,0,0,0,1,12,17.0,31.4,34.4,24.4,26.8,1.4,2.6,2.9,2.0,2.2
Benny Snell Jr.,364,192,PIT,RB,0,1,0,0,17,17.0,18.7,18.7,17.7,18.0,1.0,1.1,1.1,1.0,1.1
Skylar Thompson,365,191,MIA,QB,1,0,0,0,7,17.0,17.5,25.5,20.5,20.1,2.4,2.5,3.6,2.9,2.9
Darrel Williams,366,190,ARI,RB,0,1,0,0,6,17.0,21.1,24.1,19.1,20.3,2.8,3.5,4.0,3.2,3.4
Kyle Allen,367,189,HOU,QB,1,0,0,0,2,16.0,15.9,23.9,19.9,18.9,8.0,8.0,12.0,10.0,9.5
Jeff Driskel,368,188,HOU,TE,0,0,1,0,7,16.0,17.2,17.2,16.7,16.8,2.3,2.5,2.5,2.4,2.4
Sony Michel,369,187,LAC,RB,0,1,0,0,10,16.0,24.9,27.9,20.4,22.3,1.6,2.5,2.8,2.0,2.2
Albert Okwuegbunam,370,186,DEN,TE,0,0,1,0,8,16.0,25.5,25.5,20.5,21.9,2.0,3.2,3.2,2.6,2.7
Hassan Haskins,371,185,TEN,RB,0,1,0,0,15,15.0,26.0,26.0,20.5,21.9,1.0,1.7,1.7,1.4,1.5
DeSean Jackson,372,184,BAL,WR,0,0,0,1,7,15.0,24.3,27.3,19.8,21.6,2.1,3.5,3.9,2.8,3.1
Ronald Jones II,373,183,KAN,RB,0,1,0,0,6,15.0,16.2,16.2,15.7,15.8,2.5,2.7,2.7,2.6,2.6
Bryce Perkins,374,182,LAR,QB,1,0,0,0,5,15.0,15.4,17.4,17.4,16.3,3.0,3.1,3.5,3.5,3.3
Anthony Schwartz,375,181,CLE,WR,0,0,0,1,11,15.0,18.8,19.8,16.8,17.6,1.4,1.7,1.8,1.5,1.6
Derek Watt,376,180,PIT,RB,0,1,0,0,17,15.0,20.2,20.2,17.7,18.3,0.9,1.2,1.2,1.0,1.1
John Wolford,377,179,LAR,QB,1,0,0,0,3,15.0,14.8,21.8,17.8,17.4,5.0,4.9,7.3,5.9,5.8
Dan Arnold,378,178,JAX,TE,0,0,1,0,17,14.0,22.5,25.5,18.0,20.0,0.8,1.3,1.5,1.1,1.2
Kenny Golladay,379,177,NYG,WR,0,0,0,1,12,14.0,20.1,20.1,17.1,17.8,1.2,1.7,1.7,1.4,1.5
Zander Horvath,380,176,LAC,RB,0,1,0,0,15,14.0,18.6,18.6,16.1,16.8,0.9,1.2,1.2,1.1,1.1
Keaontay Ingram,381,175,ARI,RB,0,1,0,0,12,14.0,18.1,18.1,16.1,16.6,1.2,1.5,1.5,1.3,1.4
Tom Kennedy,382,174,DET,WR,0,0,0,1,7,14.0,22.1,25.1,18.1,19.8,2.0,3.2,3.6,2.6,2.8
Ko Kieft,383,173,TAM,TE,0,0,1,0,17,14.0,21.0,21.0,17.5,18.4,0.8,1.2,1.2,1.0,1.1
Breshad Perriman,384,172,TAM,WR,0,0,0,1,11,14.0,23.3,27.3,18.8,20.9,1.3,2.1,2.5,1.7,1.9
Samori Toure,385,171,GNB,WR,0,0,0,1,11,14.0,19.2,19.2,16.7,17.3,1.3,1.7,1.7,1.5,1.6
Jameson Williams,386,170,DET,WR,0,0,0,1,6,14.0,15.1,15.1,14.6,14.7,2.3,2.5,2.5,2.4,2.5
Cedrick Wilson Jr.,387,169,MIA,WR,0,0,0,1,15,14.0,26.4,29.4,20.4,22.6,0.9,1.8,2.0,1.4,1.5
Salvon Ahmed,388,168,MIA,RB,0,1,0,0,12,13.0,14.2,14.2,13.7,13.8,1.1,1.2,1.2,1.1,1.1
Royce Freeman,389,167,HOU,RB,0,1,0,0,4,13.0,19.0,23.0,16.0,17.8,3.3,4.8,5.8,4.0,4.4
Zach Gentry,390,166,PIT,TE,0,0,1,0,17,13.0,32.2,35.2,22.7,25.8,0.8,1.9,2.1,1.3,1.5
Reggie Gilliam,391,165,BUF,RB,0,1,0,0,15,13.0,20.9,20.9,16.9,17.9,0.9,1.4,1.4,1.1,1.2
Tanner Hudson,392,164,NYG,TE,0,0,1,0,11,13.0,23.2,26.2,18.2,20.2,1.2,2.1,2.4,1.7,1.8
Brevin Jordan,393,163,HOU,TE,0,0,1,0,11,13.0,26.8,29.8,19.8,22.4,1.2,2.4,2.7,1.8,2.0
Chris Myarick,394,162,NYG,TE,0,0,1,0,16,13.0,19.5,19.5,16.0,17.0,0.8,1.2,1.2,1.0,1.1
Jeff Smith,395,161,NYJ,WR,0,0,0,1,11,13.0,21.4,24.4,17.4,19.1,1.2,1.9,2.2,1.6,1.7
Pharaoh Brown,396,160,2TM,TE,0,0,1,0,16,12.0,23.7,26.7,17.7,20.0,0.8,1.5,1.7,1.1,1.3
T.Y. Hilton,397,159,DAL,WR,0,0,0,1,3,12.0,19.1,22.1,15.6,17.2,4.0,6.4,7.4,5.2,5.7
Trey Lance,398,158,SFO,QB,1,0,0,0,2,12.0,12.5,13.5,13.5,12.9,6.0,6.3,6.8,6.8,6.4
Jordan Love,399,157,GNB,QB,1,0,0,0,4,12.0,11.7,11.7,11.7,11.8,3.0,2.9,2.9,2.9,2.9
Quintin Morris,400,156,BUF,TE,0,0,1,0,14,12.0,20.4,21.4,16.4,17.6,0.9,1.5,1.5,1.2,1.3
Nick Mullens,401,155,MIN,QB,1,0,0,0,4,12.0,11.8,12.8,12.8,12.4,3.0,3.0,3.2,3.2,3.1
Jack Stoll,402,154,PHI,TE,0,0,1,0,17,12.0,23.3,26.3,17.8,19.9,0.7,1.4,1.5,1.0,1.2
Geoff Swaim,403,153,TEN,TE,0,0,1,0,17,12.0,23.8,23.8,17.8,19.4,0.7,1.4,1.4,1.0,1.1
Jalen Virgil,404,152,DEN,WR,0,0,0,1,9,12.0,13.5,14.5,12.5,13.1,1.3,1.5,1.6,1.4,1.5
Josiah Deguara,405,151,GNB,TE,0,0,1,0,17,11.0,24.4,27.4,17.9,20.2,0.6,1.4,1.6,1.1,1.2
Kevin Harris,406,150,NWE,RB,0,1,0,0,5,11.0,11.2,11.2,11.2,11.2,2.2,2.2,2.2,2.2,2.2
Brycen Hopkins,407,149,LAR,TE,0,0,1,0,14,11.0,17.9,20.9,14.4,16.1,0.8,1.3,1.5,1.0,1.1
David Sills,408,148,NYG,WR,0,0,0,1,9,11.0,21.6,24.6,16.1,18.3,1.2,2.4,2.7,1.8,2.0
Tyrod Taylor,409,147,NYG,QB,1,0,0,0,3,11.0,11.3,13.3,12.3,12.0,3.7,3.8,4.4,4.1,4.0
John Brown,410,146,BUF,WR,0,0,0,1,3,10.0,11.2,11.2,10.7,10.8,3.3,3.7,3.7,3.6,3.6
Snoop Conner,411,145,JAX,RB,0,1,0,0,8,10.0,10.2,10.2,10.2,10.2,1.3,1.3,1.3,1.3,1.3
Tyrion Davis-Price,412,144,SFO,RB,0,1,0,0,6,10.0,9.9,9.9,9.9,9.9,1.7,1.7,1.7,1.7,1.7
Chris Evans,413,143,CIN,RB,0,1,0,0,12,10.0,12.8,12.8,11.3,11.7,0.8,1.1,1.1,0.9,1.0
Darrynton Evans,414,142,CHI,RB,0,1,0,0,6,10.0,10.7,10.7,10.2,10.4,1.7,1.8,1.8,1.7,1.7
Anthony Firkser,415,141,ATL,TE,0,0,1,0,11,10.0,19.0,22.0,14.5,16.4,0.9,1.7,2.0,1.3,1.5
Marcus Johnson,416,140,NYG,WR,0,0,0,1,14,10.0,18.9,18.9,14.4,15.6,0.7,1.4,1.4,1.0,1.1
Dax Milne,417,139,WAS,WR,0,0,0,1,15,10.0,15.7,15.7,12.7,13.5,0.7,1.0,1.0,0.8,0.9
Kene Nwangwu,418,138,MIN,RB,0,1,0,0,17,10.0,11.5,11.5,10.5,10.9,0.6,0.7,0.7,0.6,0.6
Giovanni Ricci,419,137,CAR,RB,0,1,0,0,15,10.0,18.0,21.0,14.0,15.8,0.7,1.2,1.4,0.9,1.1
Trevor Siemian,420,136,CHI,QB,1,0,0,0,2,10.0,10.2,11.2,11.2,10.7,5.0,5.1,5.6,5.6,5.3
Michael Bandy,421,135,LAC,WR,0,0,0,1,10,9.0,18.9,18.9,13.9,15.2,0.9,1.9,1.9,1.4,1.5
Parker Hesse,422,134,ATL,TE,0,0,1,0,17,9.0,17.9,17.9,13.4,14.6,0.5,1.1,1.1,0.8,0.9
Phillip Lindsay,423,133,IND,RB,0,1,0,0,3,9.0,14.8,14.8,11.8,12.6,3.0,4.9,4.9,3.9,4.2
Trace McSorley,424,132,ARI,QB,1,0,0,0,6,9.0,8.6,18.6,13.6,12.5,1.5,1.4,3.1,2.3,2.1 
Patrick Ricard,425,131,BAL,RB,0,1,0,0,17,9.0,20.0,20.0,14.5,15.9,0.5,1.2,1.2,0.9,0.9
Armani Rogers,426,130,WAS,TE,0,0,1,0,11,9.0,14.0,14.0,11.5,12.1,0.8,1.3,1.3,1.0,1.1
Kyle Rudolph,427,129,TAM,TE,0,0,1,0,9,9.0,11.8,11.8,10.3,10.7,1.0,1.3,1.3,1.1,1.2
Cam Sims,428,128,WAS,WR,0,0,0,1,17,9.0,16.9,16.9,12.9,13.9,0.5,1.0,1.0,0.8,0.8
Chris Streveler,429,127,NYJ,QB,1,0,0,0,2,9.0,9.0,9.0,9.0,9.0,4.5,4.5,4.5,4.5,4.5
Jordan Wilkins,430,126,IND,RB,0,1,0,0,4,9.0,14.7,14.7,11.7,12.5,2.3,3.7,3.7,2.9,3.1
Tyler Badie,431,125,DEN,RB,0,1,0,0,1,8.0,9.4,9.4,8.9,8.9,8.0,9.4,9.4,8.9,8.9
Blake Bell,432,124,KAN,TE,0,0,1,0,3,8.0,10.0,10.0,9.0,9.3,2.7,3.3,3.3,3.0,3.1
Grant Calcaterra,433,123,PHI,TE,0,0,1,0,15,8.0,13.1,13.1,10.6,11.2,0.5,0.9,0.9,0.7,0.7
Chase Daniel,434,122,LAC,QB,1,0,0,0,4,8.0,8.5,8.5,8.5,8.4,2.0,2.1,2.1,2.1,2.1
Brandon Johnson,435,121,DEN,WR,0,0,0,1,7,8.0,14.2,15.2,11.2,12.2,1.1,2.0,2.2,1.6,1.7
Jaret Patterson,436,120,WAS,RB,0,1,0,0,3,8.0,7.8,7.8,7.8,7.9,2.7,2.6,2.6,2.6,2.6
Nathan Peterman,437,119,CHI,QB,1,0,0,0,3,8.0,8.3,9.3,9.3,8.7,2.7,2.8,3.1,3.1,2.9
Andrew Beck,438,118,DEN,TE,0,0,1,0,13,7.0,11.9,11.9,9.4,10.1,0.5,0.9,0.9,0.7,0.8
D'Wayne Eskridge,439,117,SEA,WR,0,0,0,1,10,7.0,13.8,13.8,10.3,11.2,0.7,1.4,1.4,1.0,1.1
Tyler Mabry,440,116,SEA,TE,0,0,1,0,2,7.0,7.7,7.7,7.2,7.4,3.5,3.9,3.9,3.6,3.7
Tre' McKitty,441,115,LAC,TE,0,0,1,0,17,7.0,17.2,17.2,12.2,13.4,0.4,1.0,1.0,0.7,0.8
Ty Montgomery,442,114,NWE,WR,0,0,0,1,1,7.0,10.3,10.3,8.8,9.1,7.0,10.3,10.3,8.8,9.1
Gunner Olszewski,443,113,PIT,WR,0,0,0,1,16,7.0,12.2,13.2,9.7,10.5,0.4,0.8,0.8,0.6,0.7
Freddie Swain,444,112,2TM,WR,0,0,0,1,4,7.0,11.4,11.4,9.4,9.8,1.8,2.9,2.9,2.4,2.5
Ke'Shawn Vaughn,445,111,TAM,RB,0,1,0,0,15,7.0,10.2,10.2,8.7,9.0,0.5,0.7,0.7,0.6,0.6
Kevin White,446,110,NOR,WR,0,0,0,1,7,7.0,9.4,9.4,8.4,8.6,1.0,1.3,1.3,1.2,1.2
Zamir White,447,109,LVR,RB,0,1,0,0,14,7.0,7.0,7.0,7.0,7.0,0.5,0.5,0.5,0.5,0.5
Anthony Brown,448,108,BAL,QB,1,0,0,0,2,6.0,5.6,11.6,7.6,7.7,3.0,2.8,5.8,3.8,3.9
Jamison Crowder,449,107,BUF,WR,0,0,0,1,4,6.0,12.0,12.0,9.0,9.8,1.5,3.0,3.0,2.3,2.4
Jalen Guyton,450,106,LAC,WR,0,0,0,1,3,6.0,8.4,8.4,7.4,7.6,2.0,2.8,2.8,2.5,2.5
Tyler Kroft,451,105,SFO,TE,0,0,1,0,11,6.0,9.7,9.7,7.7,8.3,0.5,0.9,0.9,0.7,0.8
Jake Kumerow,452,104,BUF,WR,0,0,0,1,6,6.0,10.4,10.4,8.4,8.8,1.0,1.7,1.7,1.4,1.5
Mike Strachan,453,103,IND,WR,0,0,0,1,13,6.0,8.9,8.9,7.4,7.8,0.5,0.7,0.7,0.6,0.6
Trent Taylor,454,102,CIN,WR,0,0,0,1,16,6.0,11.7,12.7,8.7,9.8,0.4,0.7,0.8,0.5,0.6
Deven Thompkins,455,101,TAM,WR,0,0,0,1,5,6.0,10.8,10.8,8.3,9.0,1.2,2.2,2.2,1.7,1.8
Mike Thomas,456,100,CIN,WR,0,0,0,1,10,6.0,7.8,7.8,6.8,7.1,0.6,0.8,0.8,0.7,0.7
Nick Vannett,457,99,2TM,TE,0,0,1,0,9,6.0,11.5,11.5,8.5,9.4,0.7,1.3,1.3,0.9,1.0
Trayveon Williams,458,98,CIN,RB,0,1,0,0,8,6.0,8.0,8.0,7.0,7.3,0.8,1.0,1.0,0.9,0.9
Andre Baccellia,459,97,ARI,WR,0,0,0,1,8,5.0,11.5,11.5,8.0,9.0,0.6,1.4,1.4,1.0,1.1
Spencer Brown,460,96,CAR,RB,0,1,0,0,2,5.0,7.3,7.3,6.3,6.5,2.5,3.7,3.7,3.2,3.2
Julius Chestnut,461,95,TEN,RB,0,1,0,0,6,5.0,8.3,8.3,6.8,7.1,0.8,1.4,1.4,1.1,1.2
Chris Conley,462,94,2TM,WR,0,0,0,1,9,5.0,8.6,8.6,6.6,7.2,0.6,1.0,1.0,0.7,0.8
Blaine Gabbert,463,93,TAM,QB,1,0,0,0,1,5.0,5.2,5.2,5.2,5.2,5.0,5.2,5.2,5.2,5.2
Myles Gaskin,464,92,MIA,RB,0,1,0,0,4,5.0,9.4,9.4,7.4,7.8,1.3,2.4,2.4,1.9,2.0
Cody Hollister,465,91,TEN,WR,0,0,0,1,11,5.0,8.4,8.4,6.9,7.2,0.5,0.8,0.8,0.6,0.7
David Johnson,466,90,NOR,RB,0,1,0,0,5,5.0,9.1,10.1,7.1,7.8,1.0,1.8,2.0,1.4,1.6
Tony Jones,467,89,2TM,RB,0,1,0,0,6,5.0,10.4,10.4,7.9,8.4,0.8,1.7,1.7,1.3,1.4
Charlie Kolar,468,88,BAL,TE,0,0,1,0,2,5.0,8.9,8.9,6.9,7.4,2.5,4.5,4.5,3.5,3.7
Ronnie Rivers,469,87,LAR,RB,0,1,0,0,8,5.0,10.0,10.0,7.5,8.1,0.6,1.3,1.3,0.9,1.0
Isaiah Spiller,470,86,LAC,RB,0,1,0,0,6,5.0,8.4,8.4,6.9,7.2,0.8,1.4,1.4,1.2,1.2
Stephen Sullivan,471,85,CAR,TE,0,0,1,0,14,5.0,6.6,6.6,5.6,6.0,0.4,0.5,0.5,0.4,0.4
Patrick Taylor,472,84,GNB,RB,0,1,0,0,14,5.0,5.8,5.8,5.3,5.5,0.4,0.4,0.4,0.4,0.4
Dwayne Washington,473,83,NOR,RB,0,1,0,0,12,5.0,5.5,5.5,5.0,5.3,0.4,0.5,0.5,0.4,0.4
Trevon Wesco,474,82,CHI,TE,0,0,1,0,14,5.0,6.6,6.6,5.6,6.0,0.4,0.5,0.5,0.4,0.4
Cole Beasley,475,81,2TM,WR,0,0,0,1,4,4.0,9.5,9.5,6.5,7.4,1.0,2.4,2.4,1.6,1.8
Kendall Blanton,476,80,LAR,TE,0,0,1,0,4,4.0,5.5,5.5,4.5,4.9,1.0,1.4,1.4,1.1,1.2
Trestan Ebner,477,79,CHI,RB,0,1,0,0,17,4.0,6.2,7.2,5.2,5.7,0.2,0.4,0.4,0.3,0.3
Luke Farrell,478,78,JAX,TE,0,0,1,0,17,4.0,8.0,8.0,6.0,6.5,0.2,0.5,0.5,0.4,0.4
Chris Manhertz,479,77,JAX,TE,0,0,1,0,17,4.0,10.2,10.2,7.2,7.9,0.2,0.6,0.6,0.4,0.5
Anthony McFarland Jr.,480,76,PIT,RB,0,1,0,0,1,4.0,6.1,6.1,5.1,5.3,4.0,6.1,6.1,5.1,5.3
Racey McMath,481,75,TEN,WR,0,0,0,1,5,4.0,6.4,6.4,5.4,5.6,0.8,1.3,1.3,1.1,1.1
Kyle Philips,482,74,TEN,WR,0,0,0,1,4,4.0,11.8,13.8,7.8,9.4,1.0,3.0,3.5,2.0,2.3
James Proche,483,73,BAL,WR,0,0,0,1,15,4.0,12.2,13.2,9.2,9.7,0.3,0.8,0.9,0.6,0.6
Laquon Treadwell,484,72,SEA,WR,0,0,0,1,6,4.0,10.2,10.2,7.2,7.9,0.7,1.7,1.7,1.2,1.3
Michael Woods II,485,71,CLE,WR,0,0,0,1,10,4.0,9.0,9.0,6.5,7.1,0.4,0.9,0.9,0.7,0.7
Daylen Baldwin,486,70,CLE,WR,0,0,0,1,1,3.0,4.5,4.5,3.5,3.9,3.0,4.5,4.5,3.5,3.9
Giovani Bernard,487,69,TAM,RB,0,1,0,0,8,3.0,4.7,4.7,3.7,4.0,0.4,0.6,0.6,0.5,0.5
Tyrie Cleveland,488,68,DEN,WR,0,0,0,1,6,3.0,4.8,4.8,3.8,4.1,0.5,0.8,0.8,0.6,0.7
Jaelon Darden,489,67,2TM,WR,0,0,0,1,14,3.0,4.8,4.8,3.8,4.1,0.2,0.3,0.3,0.3,0.3
Tyler Davis,490,66,GNB,TE,0,0,1,0,17,3.0,6.6,6.6,4.6,5.2,0.2,0.4,0.4,0.3,0.3
Ben Ellefson,491,65,MIN,TE,0,0,1,0,4,3.0,5.6,5.6,4.1,4.6,0.8,1.4,1.4,1.0,1.1
Ryan Griffin,492,64,CHI,TE,0,0,1,0,15,3.0,6.6,6.6,4.6,5.2,0.2,0.4,0.4,0.3,0.3
Tim Jones,493,63,JAX,WR,0,0,0,1,17,3.0,6.0,6.0,4.5,4.9,0.2,0.4,0.4,0.3,0.3
Larry Rountree,494,62,LAC,RB,0,1,0,0,4,3.0,5.3,5.3,4.3,4.5,0.8,1.3,1.3,1.1,1.1
DJ Turner,495,61,LVR,WR,0,0,0,1,9,3.0,2.6,2.6,2.6,2.7,0.3,0.3,0.3,0.3,0.3
Tylan Wallace,496,60,BAL,WR,0,0,0,1,9,3.0,7.3,7.3,5.3,5.7,0.3,0.8,0.8,0.6,0.6
Jonathan Ward,497,59,2TM,RB,0,1,0,0,8,3.0,5.2,5.2,4.2,4.4,0.4,0.7,0.7,0.5,0.6
Michael Burton,498,58,KAN,RB,0,1,0,0,17,2.0,3.8,3.8,2.8,3.1,0.1,0.2,0.2,0.2,0.2
Quintez Cephus,499,57,DET,WR,0,0,0,1,4,2.0,3.5,3.5,2.5,2.9,0.5,0.9,0.9,0.6,0.7
Ty Chandler,500,56,MIN,RB,0,1,0,0,3,2.0,2.0,2.0,2.0,2.0,0.7,0.7,0.7,0.7,0.7
Pharoh Cooper,501,55,ARI,WR,0,0,0,1,5,2.0,4.1,4.1,3.1,3.3,0.4,0.8,0.8,0.6,0.7
Frank Darby,502,54,ATL,WR,0,0,0,1,5,2.0,2.5,2.5,2.0,2.3,0.4,0.5,0.5,0.4,0.5
Mike Davis,503,53,BAL,RB,0,1,0,0,8,2.0,4.2,4.2,3.2,3.4,0.3,0.5,0.5,0.4,0.4
Bryan Edwards,504,52,ATL,WR,0,0,0,1,7,2.0,4.5,4.5,3.0,3.5,0.3,0.6,0.6,0.4,0.5
Simi Fehoko,505,51,DAL,WR,0,0,0,1,5,2.0,5.4,5.4,3.9,4.2,0.4,1.1,1.1,0.8,0.8
Nick Foles,506,50,IND,QB,1,0,0,0,3,2.0,1.8,5.8,5.8,3.9,0.7,0.6,1.9,1.9,1.3
Danny Gray,507,49,SFO,WR,0,0,0,1,13,2.0,2.9,2.9,2.4,2.6,0.2,0.2,0.2,0.2,0.2
Troy Hairston,508,48,HOU,RB,0,1,0,0,16,2.0,6.9,6.9,4.4,5.1,0.1,0.4,0.4,0.3,0.3
Penny Hart,509,47,SEA,WR,0,0,0,1,9,2.0,5.0,5.0,3.5,3.9,0.2,0.6,0.6,0.4,0.4
Jesper Horsted,510,46,LVR,TE,0,0,1,0,15,2.0,4.9,4.9,3.4,3.8,0.1,0.3,0.3,0.2,0.3
Dennis Houston,511,45,DAL,WR,0,0,0,1,2,2.0,3.6,3.6,2.6,3.0,1.0,1.8,1.8,1.3,1.5
Lil'Jordan Humphrey,512,44,NWE,WR,0,0,0,1,6,2.0,4.0,4.0,3.0,3.3,0.3,0.7,0.7,0.5,0.5
Andy Isabella,513,43,2TM,WR,0,0,0,1,5,2.0,4.2,4.2,3.2,3.4,0.4,0.8,0.8,0.6,0.7 
Cade Johnson,514,42,SEA,WR,0,0,0,1,3,2.0,4.1,4.1,3.1,3.3,0.7,1.4,1.4,1.0,1.1
D'Ernest Johnson,515,41,CLE,RB,0,1,0,0,15,2.0,5.4,5.4,3.9,4.2,0.1,0.4,0.4,0.3,0.3
Keith Kirkwood,516,40,NOR,WR,0,0,0,1,5,2.0,3.8,3.8,2.8,3.1,0.4,0.8,0.8,0.6,0.6
Dezmon Patmon,517,39,IND,WR,0,0,0,1,1,2.0,4.4,4.4,3.4,3.6,2.0,4.4,4.4,3.4,3.6
Adam Prentice,518,38,NOR,RB,0,1,0,0,11,2.0,4.8,4.8,3.3,3.7,0.2,0.4,0.4,0.3,0.3
Trey Sermon,519,37,PHI,RB,0,1,0,0,2,2.0,1.9,1.9,1.9,1.9,1.0,1.0,1.0,1.0,1.0
Stone Smartt,520,36,LAC,TE,0,0,1,0,7,2.0,5.7,5.7,3.7,4.3,0.3,0.8,0.8,0.5,0.6
J.J. Taylor,521,35,NWE,RB,0,1,0,0,1,2.0,2.7,2.7,2.2,2.4,2.0,2.7,2.7,2.2,2.4
Cole Turner,522,34,WAS,TE,0,0,1,0,10,2.0,4.3,4.3,3.3,3.5,0.2,0.4,0.4,0.3,0.3
Maxx Williams,523,33,ARI,TE,0,0,1,0,11,2.0,4.8,4.8,3.3,3.7,0.2,0.4,0.4,0.3,0.3
Juwann Winfree,524,32,GNB,WR,0,0,0,1,3,2.0,2.7,2.7,2.2,2.4,0.7,0.9,0.9,0.7,0.8
Dareke Young,525,31,SEA,WR,0,0,0,1,13,2.0,4.4,4.4,3.4,3.6,0.2,0.3,0.3,0.3,0.3
Maurice Alexander,526,30,DET,WR,0,0,0,1,4,1.0,1.7,1.7,1.2,1.4,0.3,0.4,0.4,0.3,0.4
Brandon Allen,527,29,CIN,QB,1,0,0,0,1,1.0,0.8,0.8,0.8,0.9,1.0,0.8,0.8,0.8,0.9
Stephen Anderson,528,28,ARI,TE,0,0,1,0,16,1.0,3.9,3.9,2.4,2.8,0.1,0.2,0.2,0.2,0.2
Devin Asiasi,529,27,CIN,TE,0,0,1,0,12,1.0,2.5,2.5,1.5,1.9,0.1,0.2,0.2,0.1,0.2
C.J. Board,530,26,TEN,WR,0,0,0,1,4,1.0,1.6,1.6,1.1,1.3,0.3,0.4,0.4,0.3,0.3
Reggie Bonnafon,531,25,WAS,RB,0,1,0,0,1,1.0,0.8,0.8,0.8,0.9,1.0,0.8,0.8,0.8,0.9
Miles Boykin,532,24,PIT,WR,0,0,0,1,16,1.0,3.1,3.1,2.1,2.3,0.1,0.2,0.2,0.1,0.1
Jason Cabinda,533,23,DET,RB,0,1,0,0,8,1.0,1.9,1.9,1.4,1.6,0.1,0.2,0.2,0.2,0.2
Jalen Camp,534,22,HOU,WR,0,0,0,1,2,1.0,1.7,1.7,1.2,1.4,0.5,0.9,0.9,0.6,0.7
Jerome Ford,535,21,CLE,RB,0,1,0,0,13,1.0,1.2,1.2,1.2,1.2,0.1,0.1,0.1,0.1,0.1
Jacob Harris,536,20,LAR,TE,0,0,1,0,7,1.0,1.6,1.6,1.1,1.3,0.1,0.2,0.2,0.2,0.2
Kylin Hill,537,19,GNB,RB,0,1,0,0,2,1.0,0.7,0.7,0.7,0.8,0.5,0.4,0.4,0.4,0.4
Brian Hoyer,538,18,NWE,QB,1,0,0,0,1,1.0,1.5,1.5,1.5,1.4,1.0,1.5,1.5,1.5,1.4
Godwin Igwebuike,539,17,SEA,RB,0,1,0,0,5,1.0,1.7,1.7,1.2,1.4,0.2,0.3,0.3,0.2,0.3
Jakob Johnson,540,16,LVR,RB,0,1,0,0,17,1.0,6.0,6.0,3.5,4.1,0.1,0.4,0.4,0.2,0.2
Josh Johnson,541,15,SFO,QB,1,0,0,0,2,1.0,0.7,0.7,0.7,0.8,0.5,0.4,0.4,0.4,0.4
Tyron Johnson,542,14,2TM,WR,0,0,0,1,4,1.0,1.8,1.8,1.3,1.5,0.3,0.5,0.5,0.3,0.4
Sean McKeon,543,13,DAL,TE,0,0,1,0,13,1.0,3.1,3.1,2.1,2.3,0.1,0.2,0.2,0.2,0.2
Jason Moore,544,12,LAC,WR,0,0,0,1,6,1.0,1.5,1.5,1.0,1.3,0.2,0.3,0.3,0.2,0.2
Devine Ozigbo,545,11,DEN,RB,0,1,0,0,4,1.0,1.7,1.7,1.2,1.4,0.3,0.4,0.4,0.3,0.4
Jeremy Ruckert,546,10,NYJ,TE,0,0,1,0,9,1.0,1.8,1.8,1.3,1.5,0.1,0.2,0.2,0.1,0.2
Mason Schreck,547,9,HOU,TE,0,0,1,0,3,1.0,2.6,2.6,1.6,2.0,0.3,0.9,0.9,0.5,0.7
Keith Smith,548,8,ATL,RB,0,1,0,0,17,1.0,2.0,2.0,1.5,1.6,0.1,0.1,0.1,0.1,0.1
Tommy Sweeney,549,7,BUF,TE,0,0,1,0,5,1.0,1.7,1.7,1.2,1.4,0.2,0.3,0.3,0.2,0.3
Jalen Tolbert,550,6,DAL,WR,0,0,0,1,8,1.0,3.2,3.2,2.2,2.4,0.1,0.4,0.4,0.3,0.3
Austin Trammell,551,5,LAR,WR,0,0,0,1,6,1.0,3.3,3.3,2.3,2.5,0.2,0.6,0.6,0.4,0.4
Kyle Trask,552,4,TAM,QB,1,0,0,0,1,1.0,0.9,0.9,0.9,0.9,1.0,0.9,0.9,0.9,0.9
Montrell Washington,553,3,DEN,WR,0,0,0,1,15,1.0,5.2,6.2,3.2,3.9,0.1,0.3,0.4,0.2,0.3
Nsimba Webster,554,2,CHI,WR,0,0,0,1,2,1.0,3.4,3.4,2.4,2.6,0.5,1.7,1.7,1.2,1.3
Ty'Son Williams,555,1,ARI,RB,0,1,0,0,1,1.0,1.5,1.5,1.0,1.3,1.0,1.5,1.5,1.0,1.3
