ranking,player,team,fantPosition,games, fantFantPts , fantPPRpts , fantDKpts , fantFDpts , FFperGame , PPperGame , DKperGame , FDperGame 
1,Patrick Mahomes,KAN,QB,17, 416.0 , 417.4 , 435.4 , 428.9 , 24.5 , 24.6 , 25.6 , 25.2 
2,Josh Jacobs,LVR,RB,17, 275.0 , 328.3 , 335.3 , 301.8 , 16.2 , 19.3 , 19.7 , 17.8 
3,Christian McCaffrey,2TM,RB,17, 271.0 , 356.4 , 362.4 , 313.9 , 15.9 , 21.0 , 21.3 , 18.5 
4,Derrick Henry ,TEN,RB,16, 270.0 , 302.8 , 311.8 , 286.3 , 16.9 , 18.9 , 19.5 , 17.9 
5,Justin Jefferson,MIN,WR,17, 241.0 , 368.7 , 371.7 , 304.7 , 14.2 , 21.7 , 21.9 , 17.9 
6,Austin Ekeler,LAC,RB,17, 266.0 , 372.7 , 381.7 , 319.2 , 15.6 , 21.9 , 22.5 , 18.8 
7,Josh Allen,BUF,QB,16, 396.0 , 395.5 , 420.5 , 409.5 , 24.8 , 24.7 , 26.3 , 25.6 
8,Travis Kelce,KAN,TE,17, 206.0 , 316.3 , 320.3 , 261.3 , 12.1 , 18.6 , 18.8 , 15.4 
9,Davante Adams,LVR,WR,17, 236.0 , 335.5 , 338.5 , 285.5 , 13.9 , 19.7 , 19.9 , 16.8 
10,Nick Chubb,CLE,RB,17, 254.0 , 281.4 , 288.4 , 267.9 , 14.9 , 16.6 , 17.0 , 15.8 
11,Tyreek Hill,MIA,WR,17, 228.0 , 347.2 , 350.2 , 287.7 , 13.4 , 20.4 , 20.6 , 16.9 
12,Jalen Hurts,PHI,QB,15, 378.0 , 378.0 , 392.0 , 384.0 , 25.2 , 25.2 , 26.1 , 25.6 
13,A.J. Brown,PHI,WR,17, 212.0 , 299.6 , 304.6 , 255.6 , 12.5 , 17.6 , 17.9 , 15.0 
14,Stefon Diggs,BUF,WR,16, 209.0 , 316.6 , 319.6 , 262.6 , 13.1 , 19.8 , 20.0 , 16.4 
15,Saquon Barkley,NYG,RB,16, 227.0 , 284.0 , 290.0 , 255.5 , 14.2 , 17.8 , 18.1 , 16.0 
16,CeeDee Lamb,DAL,WR,17, 195.0 , 301.6 , 304.6 , 248.1 , 11.5 , 17.7 , 17.9 , 14.6 
17,Joe Burrow,CIN,QB,16, 351.0 , 350.7 , 371.7 , 362.7 , 21.9 , 21.9 , 23.2 , 22.7 
18,Jamaal Williams,DET,RB,17, 214.0 , 225.9 , 230.9 , 219.9 , 12.6 , 13.3 , 13.6 , 12.9 
19,Jaylen Waddle,MIA,WR,17, 184.0 , 259.2 , 263.2 , 221.7 , 10.8 , 15.2 , 15.5 , 13.0 
20,Tony Pollard,DAL,RB,16, 210.0 , 248.8 , 254.8 , 229.3 , 13.1 , 15.6 , 15.9 , 14.3 
21,Dalvin Cook,MIN,RB,17, 199.0 , 237.8 , 247.8 , 218.3 , 11.7 , 14.0 , 14.6 , 12.8 
22,Miles Sanders,PHI,RB,17, 197.0 , 216.7 , 221.7 , 206.7 , 11.6 , 12.7 , 13.0 , 12.2 
23,George Kittle,SFO,TE,15, 141.0 , 200.5 , 204.5 , 170.5 , 9.4 , 13.4 , 13.6 , 11.4 
24,Amari Cooper,CLE,WR,17, 168.0 , 246.0 , 250.0 , 208.0 , 9.9 , 14.5 , 14.7 , 12.2 
25,Taysom Hill,NOR,TE,16, 137.0 , 145.8 , 148.8 , 141.3 , 8.6 , 9.1 , 9.3 , 8.8 
26,Aaron Jones,GNB,RB,17, 190.0 , 248.6 , 257.6 , 219.1 , 11.2 , 14.6 , 15.2 , 12.9 
27,Amon-Ra St. Brown,DET,WR,16, 162.0 , 267.6 , 270.6 , 214.6 , 10.1 , 16.7 , 16.9 , 13.4 
28,DeVonta Smith,PHI,WR,17, 160.0 , 254.6 , 258.6 , 207.1 , 9.4 , 15.0 , 15.2 , 12.2 
29,T.J. Hockenson,2TM,TE,17, 129.0 , 215.4 , 219.4 , 172.4 , 7.6 , 12.7 , 12.9 , 10.1 
30,Christian Kirk,JAX,WR,17, 158.0 , 241.9 , 245.9 , 199.9 , 9.3 , 14.2 , 14.5 , 11.8 
31,Najee Harris,PIT,RB,17, 182.0 , 223.5 , 231.5 , 203.0 , 10.7 , 13.1 , 13.6 , 11.9 
32,Ja'Marr Chase,CIN,WR,12, 155.0 , 242.4 , 247.4 , 198.9 , 12.9 , 20.2 , 20.6 , 16.6 
33,Rhamondre Stevenson,NWE,RB,17, 180.0 , 249.1 , 256.1 , 214.6 , 10.6 , 14.7 , 15.1 , 12.6 
34,Joe Mixon,CIN,RB,14, 180.0 , 239.5 , 245.5 , 209.5 , 12.9 , 17.1 , 17.5 , 15.0 
35,Tyler Lockett,SEA,WR,16, 153.0 , 237.3 , 242.3 , 195.3 , 9.6 , 14.8 , 15.1 , 12.2 
36,Terry McLaurin,WAS,WR,17, 152.0 , 229.0 , 232.0 , 190.5 , 8.9 , 13.5 , 13.6 , 11.2 
37,Brandon Aiyuk,SFO,WR,17, 150.0 , 227.8 , 231.8 , 188.8 , 8.8 , 13.4 , 13.6 , 11.1 
38,Kenneth Walker III,SEA,RB,15, 176.0 , 202.5 , 208.5 , 189.0 , 11.7 , 13.5 , 13.9 , 12.6 
39,Mike Evans,TAM,WR,15, 148.0 , 225.4 , 228.4 , 186.9 , 9.9 , 15.0 , 15.2 , 12.5 
40,Tee Higgins,CIN,WR,16, 147.0 , 220.9 , 223.9 , 183.9 , 9.2 , 13.8 , 14.0 , 11.5 
41,Mark Andrews,BAL,TE,15, 118.0 , 190.5 , 193.5 , 154.0 , 7.9 , 12.7 , 12.9 , 10.3 
42,Geno Smith,SEA,QB,17, 304.0 , 303.9 , 324.9 , 314.9 , 17.9 , 17.9 , 19.1 , 18.5 
43,Travis Etienne,JAX,RB,17, 170.0 , 205.1 , 214.1 , 187.6 , 10.0 , 12.1 , 12.6 , 11.0 
44,Ezekiel Elliott,DAL,RB,15, 169.0 , 185.8 , 188.8 , 177.3 , 11.3 , 12.4 , 12.6 , 11.8 
45,Justin Fields,CHI,QB,15, 296.0 , 296.0 , 315.0 , 307.0 , 19.7 , 19.7 , 21.0 , 20.5 
46,Trevor Lawrence,JAX,QB,17, 296.0 , 295.6 , 318.6 , 303.6 , 17.4 , 17.4 , 18.7 , 17.9 
47,Jerry Jeudy,DEN,WR,15, 137.0 , 204.2 , 207.2 , 170.7 , 9.1 , 13.6 , 13.8 , 11.4 
48,D.K. Metcalf,SEA,WR,17, 137.0 , 226.8 , 231.8 , 181.8 , 8.1 , 13.3 , 13.6 , 10.7 
49,D.J. Moore,CAR,WR,17, 136.0 , 199.1 , 202.1 , 167.6 , 8.0 , 11.7 , 11.9 , 9.9 
50,Kirk Cousins,MIN,QB,17, 292.0 , 291.6 , 311.6 , 305.6 , 17.2 , 17.2 , 18.3 , 18.0 
51,Evan Engram,JAX,TE,17, 104.0 , 176.9 , 179.9 , 140.4 , 6.1 , 10.4 , 10.6 , 8.3 
52,Garrett Wilson,NYJ,WR,17, 133.0 , 215.7 , 219.7 , 174.2 , 7.8 , 12.7 , 12.9 , 10.2 
53,Daniel Jones,NYG,QB,16, 289.0 , 289.0 , 303.0 , 294.0 , 18.1 , 18.1 , 18.9 , 18.4 
54,Alvin Kamara,NOR,RB,15, 155.0 , 211.7 , 221.7 , 183.2 , 10.3 , 14.1 , 14.8 , 12.2 
55,James Conner,ARI,RB,13, 154.0 , 200.2 , 207.2 , 177.2 , 11.8 , 15.4 , 15.9 , 13.6 
56,Leonard Fournette,TAM,RB,16, 153.0 , 226.1 , 233.1 , 190.6 , 9.6 , 14.1 , 14.6 , 11.9 
57,Cole Kmet,CHI,TE,17, 97.0 , 147.3 , 150.3 , 122.3 , 5.7 , 8.7 , 8.8 , 7.2 
58,Cooper Kupp,LAR,WR,9, 126.0 , 201.4 , 205.4 , 163.9 , 14.0 , 22.4 , 22.8 , 18.2 
59,Chris Olave,NOR,WR,15, 126.0 , 198.2 , 203.2 , 162.2 , 8.4 , 13.2 , 13.5 , 10.8 
60,Jared Goff,DET,QB,17, 283.0 , 284.3 , 298.3 , 290.8 , 16.6 , 16.7 , 17.5 , 17.1 
61,Gabriel Davis,BUF,WR,15, 124.0 , 171.6 , 175.6 , 147.6 , 8.3 , 11.4 , 11.7 , 9.8 
62,Christian Watson,GNB,WR,14, 123.0 , 164.1 , 167.1 , 143.6 , 8.8 , 11.7 , 11.9 , 10.3 
63,Juwan Johnson,NOR,TE,16, 93.0 , 134.8 , 137.8 , 113.8 , 5.8 , 8.4 , 8.6 , 7.1 
64,Justin Herbert,LAC,QB,17, 279.0 , 281.3 , 300.3 , 290.3 , 16.4 , 16.5 , 17.7 , 17.1 
65,Chris Godwin,TAM,WR,15, 119.0 , 222.8 , 227.8 , 170.8 , 7.9 , 14.9 , 15.2 , 11.4 
66,David Montgomery,CHI,RB,16, 144.0 , 177.7 , 185.7 , 160.7 , 9.0 , 11.1 , 11.6 , 10.0 
67,Tyler Allgeier,ATL,RB,16, 143.0 , 159.4 , 165.4 , 151.4 , 8.9 , 10.0 , 10.3 , 9.5 
68,Michael Pittman Jr.,IND,WR,16, 118.0 , 216.5 , 220.5 , 167.0 , 7.4 , 13.5 , 13.8 , 10.4 
69,D'Andre Swift,DET,RB,14, 143.0 , 191.1 , 197.1 , 167.1 , 10.2 , 13.7 , 14.1 , 11.9 
70,Dawson Knox,BUF,TE,15, 88.0 , 135.7 , 138.7 , 111.7 , 5.9 , 9.0 , 9.2 , 7.4 
71,Zay Jones,JAX,WR,16, 116.0 , 198.1 , 201.1 , 157.1 , 7.3 , 12.4 , 12.6 , 9.8 
72,Dallas Goedert,PHI,TE,12, 86.0 , 141.2 , 145.2 , 113.7 , 7.2 , 11.8 , 12.1 , 9.5 
73,Dalton Schultz,DAL,TE,15, 86.0 , 142.7 , 146.7 , 114.2 , 5.7 , 9.5 , 9.8 , 7.6 
74,Allen Lazard,GNB,WR,15, 115.0 , 174.8 , 177.8 , 144.8 , 7.7 , 11.7 , 11.9 , 9.7 
75,Pat Freiermuth,PIT,TE,16, 85.0 , 148.2 , 151.2 , 116.7 , 5.3 , 9.3 , 9.5 , 7.3 
76,Jerick McKinnon,KAN,RB,17, 140.0 , 196.3 , 203.3 , 168.3 , 8.2 , 11.5 , 12.0 , 9.9 
77,Tom Brady,TAM,QB,17, 272.0 , 271.7 , 287.7 , 280.7 , 16.0 , 16.0 , 16.9 , 16.5 
78,Aaron Rodgers,GNB,QB,17, 239.0 , 239.2 , 258.2 , 251.2 , 14.1 , 14.1 , 15.2 , 14.8 
79,Lamar Jackson,BAL,QB,12, 236.0 , 236.1 , 251.1 , 243.1 , 19.7 , 19.7 , 20.9 , 20.3 
80,Tua Tagovailoa,MIA,QB,13, 231.0 , 230.9 , 242.9 , 238.9 , 17.8 , 17.8 , 18.7 , 18.4 
81,Russell Wilson,DEN,QB,15, 225.0 , 225.8 , 244.8 , 236.3 , 15.0 , 15.1 , 16.3 , 15.8 
82,Derek Carr,LVR,QB,15, 219.0 , 219.1 , 239.1 , 233.1 , 14.6 , 14.6 , 15.9 , 15.5 
83,Kyler Murray,ARI,QB,11, 201.0 , 200.5 , 215.5 , 207.5 , 18.3 , 18.2 , 19.6 , 18.9 
84,Dak Prescott,DAL,QB,12, 199.0 , 198.6 , 220.6 , 213.6 , 16.6 , 16.6 , 18.4 , 17.8 
85,Marcus Mariota,ATL,QB,13, 197.0 , 196.6 , 214.6 , 205.6 , 15.2 , 15.1 , 16.5 , 15.8 
86,Davis Mills,HOU,QB,15, 182.0 , 181.5 , 205.5 , 196.5 , 12.1 , 12.1 , 13.7 , 13.1 
87,Andy Dalton,NOR,QB,14, 174.0 , 174.2 , 187.2 , 183.2 , 12.4 , 12.4 , 13.4 , 13.1 
88,Mac Jones,NWE,QB,14, 170.0 , 170.1 , 188.1 , 181.1 , 12.1 , 12.2 , 13.4 , 12.9 
89,Jacoby Brissett,CLE,QB,16, 169.0 , 168.6 , 184.6 , 174.6 , 10.6 , 10.5 , 11.5 , 10.9 
90,Jimmy Garoppolo,SFO,QB,11, 165.0 , 164.8 , 173.8 , 168.8 , 15.0 , 15.0 , 15.8 , 15.3 
91,Ryan Tannehill,TEN,QB,12, 161.0 , 161.2 , 172.2 , 167.2 , 13.4 , 13.4 , 14.4 , 13.9 
92,Matt Ryan,IND,QB,12, 155.0 , 155.3 , 176.3 , 168.3 , 12.9 , 12.9 , 14.7 , 14.0 
93,Kenny Pickett,PIT,QB,13, 150.0 , 149.9 , 165.9 , 158.9 , 11.5 , 11.5 , 12.8 , 12.2 
94,AJ Dillon,GNB,RB,17, 140.0 , 167.6 , 173.6 , 153.6 , 8.2 , 9.9 , 10.2 , 9.0 
95,Devin Singletary,BUF,RB,16, 140.0 , 177.9 , 186.9 , 158.9 , 8.8 , 11.1 , 11.7 , 9.9 
96,Raheem Mostert,MIA,RB,16, 137.0 , 168.3 , 175.3 , 152.8 , 8.6 , 10.5 , 11.0 , 9.6 
97,Jeff Wilson,2TM,RB,16, 137.0 , 158.5 , 166.5 , 147.5 , 8.6 , 9.9 , 10.4 , 9.2 
98,Dameon Pierce,HOU,RB,13, 136.0 , 166.4 , 174.4 , 151.4 , 10.5 , 12.8 , 13.4 , 11.6 
99,Cordarrelle Patterson,ATL,RB,13, 134.0 , 154.7 , 161.7 , 144.2 , 10.3 , 11.9 , 12.4 , 11.1 
100,Cam Akers,LAR,RB,15, 128.0 , 141.3 , 149.3 , 134.8 , 8.5 , 9.4 , 10.0 , 9.0 
101,Latavius Murray,2TM,RB,13, 127.0 , 154.2 , 160.2 , 140.7 , 9.8 , 11.9 , 12.3 , 10.8 
102,D'Onta Foreman,CAR,RB,17, 126.0 , 131.0 , 134.0 , 128.5 , 7.4 , 7.7 , 7.9 , 7.6 
103,Isiah Pacheco,KAN,RB,17, 122.0 , 135.0 , 143.0 , 128.5 , 7.2 , 7.9 , 8.4 , 7.6 
104,Baker Mayfield,2TM,QB,12, 121.0 , 121.4 , 134.4 , 129.4 , 10.1 , 10.1 , 11.2 , 10.8 
105,Antonio Gibson,WAS,RB,15, 120.0 , 165.9 , 171.9 , 142.9 , 8.0 , 11.1 , 11.5 , 9.5 
106,Jonathan Taylor,IND,RB,11, 118.0 , 146.4 , 155.4 , 132.4 , 10.7 , 13.3 , 14.1 , 12.0 
107,Taylor Heinicke,WAS,QB,9, 116.0 , 116.0 , 130.0 , 122.0 , 12.9 , 12.9 , 14.4 , 13.6 
108,George Pickens,PIT,WR,17, 115.0 , 166.5 , 169.5 , 140.5 , 6.8 , 9.8 , 10.0 , 8.3 
109,Mike Williams,LAC,WR,13, 114.0 , 176.5 , 179.5 , 145.0 , 8.8 , 13.6 , 13.8 , 11.2 
110,Jakobi Meyers,NWE,WR,14, 113.0 , 180.3 , 185.3 , 146.8 , 8.1 , 12.9 , 13.2 , 10.5 
111,Carson Wentz,WAS,QB,8, 113.0 , 112.8 , 125.8 , 121.8 , 14.1 , 14.1 , 15.7 , 15.2 
112,Curtis Samuel,WAS,WR,17, 112.0 , 176.3 , 183.3 , 144.3 , 6.6 , 10.4 , 10.8 , 8.5 
113,Deebo Samuel,SFO,WR,13, 112.0 , 168.4 , 176.4 , 140.4 , 8.6 , 13.0 , 13.6 , 10.8 
114,Adam Thielen,MIN,WR,17, 110.0 , 180.0 , 183.0 , 145.0 , 6.5 , 10.6 , 10.8 , 8.5 
115,Tyler Boyd,CIN,WR,16, 109.0 , 167.1 , 170.1 , 138.1 , 6.8 , 10.4 , 10.6 , 8.6 
116,Khalil Herbert,CHI,RB,13, 109.0 , 117.8 , 120.8 , 113.3 , 8.4 , 9.1 , 9.3 , 8.7 
117,Matthew Stafford,LAR,QB,9, 108.0 , 108.4 , 122.4 , 116.4 , 12.0 , 12.0 , 13.6 , 12.9 
118,Drake London,ATL,WR,17, 107.0 , 178.6 , 184.6 , 142.6 , 6.3 , 10.5 , 10.9 , 8.4 
119,JuJu Smith-Schuster,KAN,WR,16, 107.0 , 185.3 , 190.3 , 146.3 , 6.7 , 11.6 , 11.9 , 9.1 
120,Donovan Peoples-Jones,CLE,WR,17, 106.0 , 167.1 , 171.1 , 136.6 , 6.2 , 9.8 , 10.1 , 8.0 
121,Brock Purdy,SFO,QB,9, 106.0 , 106.3 , 113.3 , 110.3 , 11.8 , 11.8 , 12.6 , 12.3 
122,Samaje Perine,CIN,RB,16, 104.0 , 142.1 , 148.1 , 123.1 , 6.5 , 8.9 , 9.3 , 7.7 
123,Brian Robinson Jr.,WAS,RB,12, 104.0 , 112.7 , 115.7 , 108.2 , 8.7 , 9.4 , 9.6 , 9.0 
124,Keenan Allen,LAC,WR,10, 98.0 , 164.0 , 168.0 , 131.0 , 9.8 , 16.4 , 16.8 , 13.1 
125,Zach Wilson,NYJ,QB,9, 98.0 , 98.9 , 112.9 , 105.4 , 10.9 , 11.0 , 12.5 , 11.7 
126,Mack Hollins,LVR,WR,17, 97.0 , 154.2 , 157.2 , 125.7 , 5.7 , 9.1 , 9.2 , 7.4 
127,Josh Palmer,LAC,WR,16, 97.0 , 169.3 , 172.3 , 133.3 , 6.1 , 10.6 , 10.8 , 8.3 
128,Jahan Dotson,WAS,WR,12, 96.0 , 130.6 , 133.6 , 113.1 , 8.0 , 10.9 , 11.1 , 9.4 
129,Breece Hall,NYJ,RB,7, 96.0 , 115.1 , 122.1 , 105.6 , 13.7 , 16.4 , 17.4 , 15.1 
130,K.J. Osborn,MIN,WR,17, 96.0 , 155.6 , 158.6 , 125.6 , 5.6 , 9.2 , 9.3 , 7.4 
131,Diontae Johnson,PIT,WR,17, 95.0 , 180.7 , 183.7 , 137.7 , 5.6 , 10.6 , 10.8 , 8.1 
132,Courtland Sutton,DEN,WR,15, 95.0 , 159.4 , 162.4 , 127.4 , 6.3 , 10.6 , 10.8 , 8.5 
133,Kareem Hunt,CLE,RB,17, 92.0 , 126.8 , 132.8 , 109.3 , 5.4 , 7.5 , 7.8 , 6.4 
134,Marquise Brown,ARI,WR,12, 89.0 , 156.0 , 159.0 , 122.5 , 7.4 , 13.0 , 13.3 , 10.2 
135,Brandin Cooks,HOU,WR,13, 89.0 , 145.6 , 148.6 , 117.1 , 6.8 , 11.2 , 11.4 , 9.0 
136,Rachaad White,TAM,RB,17, 89.0 , 139.1 , 148.1 , 114.1 , 5.2 , 8.2 , 8.7 , 6.7 
137,DeAndre Hopkins,ARI,WR,9, 88.0 , 151.7 , 155.7 , 119.7 , 9.8 , 16.9 , 17.3 , 13.3 
138,Kenyan Drake,BAL,RB,12, 87.0 , 104.1 , 107.1 , 95.6 , 7.3 , 8.7 , 8.9 , 8.0 
139,Parris Campbell,IND,WR,17, 86.0 , 149.1 , 152.1 , 117.6 , 5.1 , 8.8 , 8.9 , 6.9 
140,Sam Darnold,CAR,QB,6, 86.0 , 86.3 , 97.3 , 89.3 , 14.3 , 14.4 , 16.2 , 14.9 
141,Deshaun Watson,CLE,QB,6, 86.0 , 85.6 , 96.6 , 90.6 , 14.3 , 14.3 , 16.1 , 15.1 
142,Michael Carter,NYJ,RB,16, 85.0 , 126.0 , 133.0 , 105.5 , 5.3 , 7.9 , 8.3 , 6.6 
143,James Cook,BUF,RB,16, 85.0 , 105.7 , 112.7 , 95.2 , 5.3 , 6.6 , 7.0 , 6.0 
144,David Njoku,CLE,TE,14, 84.0 , 142.0 , 146.0 , 113.0 , 6.0 , 10.1 , 10.4 , 8.1 
145,Gerald Everett,LAC,TE,16, 82.0 , 139.5 , 142.5 , 110.5 , 5.1 , 8.7 , 8.9 , 6.9 
146,Darius Slayton,NYG,WR,16, 82.0 , 128.4 , 132.4 , 105.4 , 5.1 , 8.0 , 8.3 , 6.6 
147,Clyde Edwards-Helaire,KAN,RB,10, 81.0 , 98.3 , 104.3 , 89.8 , 8.1 , 9.8 , 10.4 , 9.0 
148,Jordan Akins,HOU,TE,15, 80.0 , 116.5 , 120.5 , 98.0 , 5.3 , 7.8 , 8.0 , 6.5 
149,Tyler Higbee,LAR,TE,17, 80.0 , 152.0 , 155.0 , 116.0 , 4.7 , 8.9 , 9.1 , 6.8 
150,Marquez Valdes-Scantling,KAN,WR,17, 80.0 , 122.4 , 125.4 , 101.4 , 4.7 , 7.2 , 7.4 , 6.0 
151,Devin Duvernay,BAL,WR,14, 79.0 , 116.1 , 119.1 , 97.6 , 5.6 , 8.3 , 8.5 , 7.0 
152,Isaiah McKenzie,BUF,WR,15, 78.0 , 119.8 , 122.8 , 98.8 , 5.2 , 8.0 , 8.2 , 6.6 
153,James Robinson,2TM,RB,11, 78.0 , 88.6 , 91.6 , 83.1 , 7.1 , 8.1 , 8.3 , 7.6 
154,Richie James,NYG,WR,17, 76.0 , 132.5 , 138.5 , 104.0 , 4.5 , 7.8 , 8.1 , 6.1 
155,Tyler Conklin,NYJ,TE,17, 74.0 , 131.5 , 134.5 , 102.5 , 4.4 , 7.7 , 7.9 , 6.0 
156,J.K. Dobbins,BAL,RB,8, 74.0 , 81.2 , 84.2 , 77.7 , 9.3 , 10.2 , 10.5 , 9.7 
157,Damien Harris,NWE,RB,11, 74.0 , 90.9 , 93.9 , 82.4 , 6.7 , 8.3 , 8.5 , 7.5 
158,Chuba Hubbard,CAR,RB,15, 74.0 , 87.7 , 94.7 , 80.7 , 4.9 , 5.8 , 6.3 , 5.4 
159,Mitchell Trubisky,PIT,QB,7, 74.0 , 73.9 , 81.9 , 78.9 , 10.6 , 10.6 , 11.7 , 11.3 
160,Noah Fant,SEA,TE,17, 73.0 , 122.6 , 125.6 , 97.6 , 4.3 , 7.2 , 7.4 , 5.7 
161,Russell Gage,TAM,WR,13, 73.0 , 123.6 , 127.6 , 98.1 , 5.6 , 9.5 , 9.8 , 7.5 
162,Alexander Mattison,MIN,RB,17, 73.0 , 88.4 , 91.4 , 80.9 , 4.3 , 5.2 , 5.4 , 4.8 
163,Rashid Shaheed,NOR,WR,12, 73.0 , 100.5 , 103.5 , 86.5 , 6.1 , 8.4 , 8.6 , 7.2 
164,Noah Brown,DAL,WR,16, 72.0 , 114.5 , 118.5 , 93.0 , 4.5 , 7.2 , 7.4 , 5.8 
165,DeVante Parker,NWE,WR,13, 72.0 , 102.9 , 105.9 , 87.4 , 5.5 , 7.9 , 8.1 , 6.7 
166,Marvin Jones,JAX,WR,16, 71.0 , 116.9 , 119.9 , 93.9 , 4.4 , 7.3 , 7.5 , 5.9 
167,Alec Pierce,IND,WR,16, 71.0 , 112.3 , 115.3 , 91.8 , 4.4 , 7.0 , 7.2 , 5.7 
168,Olamide Zaccheaus,ATL,WR,17, 70.0 , 110.0 , 114.0 , 90.0 , 4.1 , 6.5 , 6.7 , 5.3 
169,Zach Ertz,ARI,TE,10, 69.0 , 115.6 , 118.6 , 92.1 , 6.9 , 11.6 , 11.9 , 9.2 
170,Mecole Hardman,KAN,WR,8, 69.0 , 93.8 , 96.8 , 81.3 , 8.6 , 11.7 , 12.1 , 10.2 
171,Kalif Raymond,DET,WR,17, 69.0 , 116.2 , 120.2 , 92.7 , 4.1 , 6.8 , 7.1 , 5.5 
172,DJ Chark,DET,WR,11, 68.0 , 98.2 , 101.2 , 83.2 , 6.2 , 8.9 , 9.2 , 7.6 
173,Chris Moore,HOU,WR,16, 67.0 , 115.1 , 118.1 , 91.1 , 4.2 , 7.2 , 7.4 , 5.7 
174,DeAndre Carter,LAC,WR,17, 66.0 , 112.3 , 117.3 , 89.3 , 3.9 , 6.6 , 6.9 , 5.3 
175,Corey Davis,NYJ,WR,13, 66.0 , 97.6 , 100.6 , 81.6 , 5.1 , 7.5 , 7.7 , 6.3 
176,Michael Gallup,DAL,WR,14, 66.0 , 105.4 , 108.4 , 85.9 , 4.7 , 7.5 , 7.7 , 6.1 
177,Mike Gesicki,MIA,TE,17, 66.0 , 98.2 , 101.2 , 82.2 , 3.9 , 5.8 , 6.0 , 4.8 
178,Josh Reynolds,DET,WR,14, 66.0 , 103.9 , 106.9 , 84.9 , 4.7 , 7.4 , 7.6 , 6.1 
179,Eno Benjamin,3TM,RB,15, 65.0 , 89.6 , 95.6 , 77.1 , 4.3 , 6.0 , 6.4 , 5.1 
180,Kenneth Gainwell,PHI,RB,17, 65.0 , 87.9 , 93.9 , 76.4 , 3.8 , 5.2 , 5.5 , 4.5 
181,Chigoziem Okonkwo,TEN,TE,17, 65.0 , 97.2 , 100.2 , 81.2 , 3.8 , 5.7 , 5.9 , 4.8 
182,Jaylen Warren,PIT,RB,16, 65.0 , 93.3 , 99.3 , 79.3 , 4.1 , 5.8 , 6.2 , 5.0 
183,Marquise Goodwin,SEA,WR,13, 63.0 , 90.2 , 93.2 , 76.7 , 4.8 , 6.9 , 7.2 , 5.9 
184,Hunter Henry,NWE,TE,17, 63.0 , 103.9 , 106.9 , 83.4 , 3.7 , 6.1 , 6.3 , 4.9 
185,Isaiah Hodgins,2TM,WR,10, 63.0 , 100.2 , 104.2 , 81.7 , 6.3 , 10.0 , 10.4 , 8.2 
186,Robert Woods,TEN,WR,17, 63.0 , 115.7 , 119.7 , 89.2 , 3.7 , 6.8 , 7.0 , 5.2 
187,Melvin Gordon,DEN,RB,10, 62.0 , 87.1 , 95.1 , 74.6 , 6.2 , 8.7 , 9.5 , 7.5 
188,Darnell Mooney,CHI,WR,12, 62.0 , 101.5 , 104.5 , 81.5 , 5.2 , 8.5 , 8.7 , 6.8 
189,Treylon Burks,TEN,WR,11, 61.0 , 94.1 , 97.1 , 77.6 , 5.5 , 8.6 , 8.8 , 7.1 
190,Greg Dortch,ARI,WR,16, 61.0 , 113.1 , 117.1 , 87.1 , 3.8 , 7.1 , 7.3 , 5.4 
191,Nico Collins,HOU,WR,10, 60.0 , 97.1 , 100.1 , 78.6 , 6.0 , 9.7 , 10.0 , 7.9 
192,Romeo Doubs,GNB,WR,13, 60.0 , 101.6 , 105.6 , 80.6 , 4.6 , 7.8 , 8.1 , 6.2 
193,Chase Claypool,2TM,WR,15, 59.0 , 105.0 , 109.0 , 82.0 , 3.9 , 7.0 , 7.3 , 5.5 
194,Gus Edwards,BAL,RB,9, 59.0 , 59.3 , 63.3 , 59.3 , 6.6 , 6.6 , 7.0 , 6.6 
195,Robert Tonyan,GNB,TE,17, 59.0 , 112.0 , 115.0 , 85.5 , 3.5 , 6.6 , 6.8 , 5.0 
196,Chase Edmonds,2TM,RB,13, 58.0 , 74.2 , 80.2 , 66.2 , 4.5 , 5.7 , 6.2 , 5.1 
197,Nick Westbrook-Ikhine,TEN,WR,17, 58.0 , 82.7 , 85.7 , 70.2 , 3.4 , 4.9 , 5.0 , 4.1 
198,Darrell Henderson,LAR,RB,10, 57.0 , 73.5 , 79.5 , 65.0 , 5.7 , 7.4 , 8.0 , 6.5 
199,Cooper Rush,DAL,QB,9, 57.0 , 56.6 , 62.6 , 59.6 , 6.3 , 6.3 , 7.0 , 6.6 
200,Darren Waller,LVR,TE,9, 57.0 , 84.8 , 87.8 , 70.8 , 6.3 , 9.4 , 9.8 , 7.9 
201,Mike White,NYJ,QB,4, 57.0 , 56.6 , 64.6 , 60.6 , 14.3 , 14.2 , 16.2 , 15.2 
202,Dontrell Hilliard,TEN,RB,12, 56.0 , 77.2 , 83.2 , 66.7 , 4.7 , 6.4 , 6.9 , 5.6 
203,Austin Hooper,TEN,TE,17, 56.0 , 97.4 , 100.4 , 76.9 , 3.3 , 5.7 , 5.9 , 4.5 
204,Demarcus Robinson,BAL,WR,17, 56.0 , 103.8 , 107.8 , 79.8 , 3.3 , 6.1 , 6.3 , 4.7 
205,Deon Jackson,IND,RB,16, 55.0 , 84.5 , 91.5 , 69.5 , 3.4 , 5.3 , 5.7 , 4.3 
206,Van Jefferson,LAR,WR,11, 55.0 , 78.9 , 81.9 , 66.9 , 5.0 , 7.2 , 7.4 , 6.1 
207,Isaiah Likely,BAL,TE,16, 55.0 , 91.3 , 94.3 , 73.3 , 3.4 , 5.7 , 5.9 , 4.6 
208,Terrace Marshall Jr.,CAR,WR,14, 55.0 , 83.0 , 86.0 , 69.0 , 3.9 , 5.9 , 6.1 , 4.9 
209,Zack Moss,2TM,RB,13, 54.0 , 64.5 , 68.5 , 59.0 , 4.2 , 5.0 , 5.3 , 4.5 
210,Trent Sherfield,MIA,WR,17, 54.0 , 83.7 , 86.7 , 68.7 , 3.2 , 4.9 , 5.1 , 4.0 
211,Kendrick Bourne,NWE,WR,16, 53.0 , 88.3 , 91.3 , 70.8 , 3.3 , 5.5 , 5.7 , 4.4 
212,Will Dissly,SEA,TE,15, 53.0 , 86.9 , 89.9 , 69.9 , 3.5 , 5.8 , 6.0 , 4.7 
213,Greg Dulcich,DEN,TE,10, 53.0 , 86.1 , 89.1 , 69.6 , 5.3 , 8.6 , 8.9 , 7.0 
214,Hayden Hurst,CIN,TE,13, 53.0 , 105.4 , 108.4 , 79.4 , 4.1 , 8.1 , 8.3 , 6.1 
215,Foster Moreau,LVR,TE,15, 52.0 , 85.2 , 89.2 , 68.7 , 3.5 , 5.7 , 5.9 , 4.6 
216,Allen Robinson,LAR,WR,10, 52.0 , 84.9 , 87.9 , 68.4 , 5.2 , 8.5 , 8.8 , 6.8 
217,Quez Watkins,PHI,WR,17, 52.0 , 84.5 , 88.5 , 68.0 , 3.1 , 5.0 , 5.2 , 4.0 
218,Nyheim Hines,2TM,RB,16, 51.0 , 81.4 , 84.4 , 66.4 , 3.2 , 5.1 , 5.3 , 4.2 
219,Joshua Kelley,LAC,RB,13, 51.0 , 64.8 , 70.8 , 57.8 , 3.9 , 5.0 , 5.4 , 4.4 
220,Elijah Moore,NYJ,WR,16, 51.0 , 88.1 , 91.1 , 69.6 , 3.2 , 5.5 , 5.7 , 4.4 
221,Cade Otton,TAM,TE,16, 51.0 , 93.1 , 96.1 , 72.1 , 3.2 , 5.8 , 6.0 , 4.5 
222,Jamycal Hasty,JAX,RB,17, 50.0 , 70.0 , 76.0 , 60.0 , 2.9 , 4.1 , 4.5 , 3.5 
223,Tyler Huntley,BAL,QB,6, 50.0 , 50.0 , 59.0 , 53.0 , 8.3 , 8.3 , 9.8 , 8.8 
224,Jelani Woods,IND,TE,15, 49.0 , 74.2 , 77.2 , 61.7 , 3.3 , 4.9 , 5.1 , 4.1 
225,Randall Cobb,GNB,WR,13, 48.0 , 81.7 , 84.7 , 64.7 , 3.7 , 6.3 , 6.5 , 5.0 
226,Joe Flacco,NYJ,QB,5, 48.0 , 48.3 , 58.3 , 51.3 , 9.6 , 9.7 , 11.7 , 10.3 
227,Trenton Irwin,CIN,WR,9, 48.0 , 63.2 , 66.2 , 55.7 , 5.3 , 7.0 , 7.4 , 6.2 
228,Jauan Jennings,SFO,WR,16, 48.0 , 82.6 , 85.6 , 65.1 , 3.0 , 5.2 , 5.4 , 4.1 
229,Rashaad Penny,SEA,RB,5, 48.0 , 52.2 , 55.2 , 50.2 , 9.6 , 10.4 , 11.0 , 10.0 
230,Kyle Pitts,ATL,TE,10, 48.0 , 75.6 , 78.6 , 61.6 , 4.8 , 7.6 , 7.9 , 6.2 
231,Jamal Agnew,JAX,WR,15, 47.0 , 70.3 , 73.3 , 58.8 , 3.1 , 4.7 , 4.9 , 3.9 
232,Rondale Moore,ARI,WR,8, 47.0 , 87.9 , 90.9 , 67.4 , 5.9 , 11.0 , 11.4 , 8.4 
233,Julio Jones,TAM,WR,10, 46.0 , 70.4 , 73.4 , 58.4 , 4.6 , 7.0 , 7.3 , 5.8 
234,Zonovan Knight,NYJ,RB,7, 46.0 , 59.0 , 65.0 , 52.5 , 6.6 , 8.4 , 9.3 , 7.5 
235,Dante Pettis,CHI,WR,17, 46.0 , 65.2 , 68.2 , 55.7 , 2.7 , 3.8 , 4.0 , 3.3 
236,Laviska Shenault Jr.,CAR,WR,13, 46.0 , 72.7 , 75.7 , 59.2 , 3.5 , 5.6 , 5.8 , 4.6 
237,Brock Wright,DET,TE,17, 46.0 , 63.6 , 66.6 , 54.6 , 2.7 , 3.7 , 3.9 , 3.2 
238,Tutu Atwell,LAR,WR,13, 45.0 , 63.2 , 66.2 , 54.2 , 3.5 , 4.9 , 5.1 , 4.2 
239,Daniel Bellinger,NYG,TE,12, 45.0 , 75.0 , 79.0 , 60.0 , 3.8 , 6.3 , 6.6 , 5.0 
240,Ben Skowronek,LAR,WR,14, 45.0 , 84.3 , 87.3 , 64.8 , 3.2 , 6.0 , 6.2 , 4.6 
241,Nelson Agholor,NWE,WR,16, 44.0 , 75.2 , 80.2 , 59.7 , 2.8 , 4.7 , 5.0 , 3.7 
242,Ray-Ray McCloud,SFO,WR,17, 44.0 , 58.1 , 61.1 , 51.1 , 2.6 , 3.4 , 3.6 , 3.0 
243,Colby Parkinson,SEA,TE,17, 44.0 , 69.2 , 72.2 , 56.7 , 2.6 , 4.1 , 4.2 , 3.3 
244,Equanimeous St. Brown,CHI,WR,16, 44.0 , 64.7 , 67.7 , 54.2 , 2.8 , 4.0 , 4.2 , 3.4 
245,Tyquan Thornton,NWE,WR,13, 44.0 , 66.3 , 69.3 , 55.3 , 3.4 , 5.1 , 5.3 , 4.3 
246,Justin Watson,KAN,WR,17, 44.0 , 58.5 , 61.5 , 51.0 , 2.6 , 3.4 , 3.6 , 3.0 
247,Jameis Winston,NOR,QB,3, 44.0 , 43.9 , 51.9 , 48.9 , 14.7 , 14.6 , 17.3 , 16.3 
248,Caleb Huntley,ATL,RB,12, 43.0 , 44.9 , 47.9 , 43.9 , 3.6 , 3.7 , 4.0 , 3.7 
249,Hunter Renfrow,LVR,WR,10, 43.0 , 79.0 , 83.0 , 61.0 , 4.3 , 7.9 , 8.3 , 6.1 
250,Jarrett Stidham,LVR,QB,5, 43.0 , 42.6 , 49.6 , 45.6 , 8.6 , 8.5 , 9.9 , 9.1 
251,Noah Gray,KAN,TE,17, 42.0 , 70.0 , 73.0 , 56.0 , 2.5 , 4.1 , 4.3 , 3.3 
252,Elijah Mitchell,SFO,RB,5, 41.0 , 43.6 , 46.6 , 42.1 , 8.2 , 8.7 , 9.3 , 8.4 
253,Boston Scott,PHI,RB,15, 41.0 , 46.2 , 49.2 , 43.7 , 2.7 , 3.1 , 3.3 , 2.9 
254,Kadarius Toney,2TM,WR,9, 41.0 , 57.3 , 61.3 , 49.3 , 4.6 , 6.4 , 6.8 , 5.5 
255,Braxton Berrios,NYJ,WR,17, 40.0 , 57.7 , 60.7 , 48.7 , 2.4 , 3.4 , 3.6 , 2.9 
256,Matt Breida,NYG,RB,17, 40.0 , 59.8 , 65.8 , 49.8 , 2.4 , 3.5 , 3.9 , 2.9 
257,Rex Burkhead,HOU,RB,16, 40.0 , 77.4 , 80.4 , 58.9 , 2.5 , 4.8 , 5.0 , 3.7 
258,Shi Smith,CAR,WR,17, 40.0 , 61.6 , 65.6 , 50.6 , 2.4 , 3.6 , 3.9 , 3.0 
259,Rashod Bateman,BAL,WR,6, 39.0 , 53.5 , 57.5 , 46.0 , 6.5 , 8.9 , 9.6 , 7.7 
260,Damiere Byrd,ATL,WR,14, 39.0 , 51.8 , 54.8 , 45.3 , 2.8 , 3.7 , 3.9 , 3.2 
261,Justin Jackson,DET,RB,16, 39.0 , 51.1 , 57.1 , 45.1 , 2.4 , 3.2 , 3.6 , 2.8 
262,MyCole Pruitt,ATL,TE,13, 39.0 , 55.0 , 58.0 , 47.0 , 3.0 , 4.2 , 4.5 , 3.6 
263,Desmond Ridder,ATL,QB,4, 39.0 , 38.7 , 43.7 , 38.7 , 9.8 , 9.7 , 10.9 , 9.7 
264,P.J. Walker,CAR,QB,6, 39.0 , 39.1 , 45.1 , 42.1 , 6.5 , 6.5 , 7.5 , 7.0 
265,Bailey Zappe,NWE,QB,4, 39.0 , 39.6 , 48.6 , 42.1 , 9.8 , 9.9 , 12.2 , 10.5 
266,Teddy Bridgewater,MIA,QB,5, 38.0 , 38.0 , 45.0 , 42.0 , 7.6 , 7.6 , 9.0 , 8.4 
267,A.J. Green,ARI,WR,15, 38.0 , 61.6 , 64.6 , 49.6 , 2.5 , 4.1 , 4.3 , 3.3 
268,Logan Thomas,WAS,TE,14, 38.0 , 77.3 , 80.3 , 57.8 , 2.7 , 5.5 , 5.7 , 4.1 
269,Gardner Minshew II,PHI,QB,5, 37.0 , 36.8 , 43.8 , 39.8 , 7.4 , 7.4 , 8.8 , 8.0 
270,Sam Ehlinger,IND,QB,4, 36.0 , 35.6 , 42.6 , 38.6 , 9.0 , 8.9 , 10.7 , 9.7 
271,Mo Alie-Cox,IND,TE,17, 35.0 , 53.9 , 57.9 , 44.4 , 2.1 , 3.2 , 3.4 , 2.6 
272,Kyle Juszczyk,SFO,RB,16, 35.0 , 53.6 , 56.6 , 44.1 , 2.2 , 3.4 , 3.5 , 2.8 
273,Jarvis Landry,NOR,WR,9, 35.0 , 60.2 , 63.2 , 47.7 , 3.9 , 6.7 , 7.0 , 5.3 
274,Michael Thomas,NOR,WR,3, 35.0 , 51.1 , 54.1 , 43.1 , 11.7 , 17.0 , 18.0 , 14.4 
275,C.J. Uzomah,NYJ,TE,15, 35.0 , 56.2 , 59.2 , 45.7 , 2.3 , 3.7 , 3.9 , 3.0 
276,Mark Ingram,NOR,RB,10, 34.0 , 50.1 , 55.1 , 42.1 , 3.4 , 5.0 , 5.5 , 4.2 
277,Tre'Quan Smith,NOR,WR,15, 34.0 , 52.8 , 55.8 , 43.3 , 2.3 , 3.5 , 3.7 , 2.9 
278,Raheem Blackshear,CAR,RB,13, 33.0 , 43.0 , 44.0 , 38.0 , 2.5 , 3.3 , 3.4 , 2.9 
279,Trey McBride,ARI,TE,16, 33.0 , 61.5 , 64.5 , 47.0 , 2.1 , 3.8 , 4.0 , 2.9 
280,Colt McCoy,ARI,QB,4, 33.0 , 32.8 , 38.8 , 35.8 , 8.3 , 8.2 , 9.7 , 9.0 
281,Tommy Tremble,CAR,TE,17, 33.0 , 52.4 , 56.4 , 42.9 , 1.9 , 3.1 , 3.3 , 2.5 
282,Robbie Anderson,2TM,WR,16, 32.0 , 52.2 , 56.2 , 42.2 , 2.0 , 3.3 , 3.5 , 2.6 
283,Phillip Dorsett,HOU,WR,15, 32.0 , 51.7 , 54.7 , 41.7 , 2.1 , 3.4 , 3.6 , 2.8 
284,Kendall Hinton,DEN,WR,12, 32.0 , 56.4 , 59.4 , 44.4 , 2.7 , 4.7 , 5.0 , 3.7 
285,Jordan Mason,SFO,RB,16, 32.0 , 31.8 , 34.8 , 31.8 , 2.0 , 2.0 , 2.2 , 2.0 
286,Harrison Bryant,CLE,TE,17, 31.0 , 61.7 , 64.7 , 46.2 , 1.8 , 3.6 , 3.8 , 2.7 
287,Ty Johnson,NYJ,RB,17, 31.0 , 42.8 , 45.8 , 36.8 , 1.8 , 2.5 , 2.7 , 2.2 
288,Sammy Watkins,2TM,WR,12, 31.0 , 46.5 , 50.5 , 38.5 , 2.6 , 3.9 , 4.2 , 3.2 
289,Kylen Granson,IND,TE,13, 30.0 , 61.2 , 64.2 , 45.7 , 2.3 , 4.7 , 4.9 , 3.5 
290,Justice Hill,BAL,RB,15, 30.0 , 42.0 , 46.0 , 36.0 , 2.0 , 2.8 , 3.1 , 2.4 
291,Marlon Mack,2TM,RB,8, 30.0 , 38.3 , 38.3 , 34.3 , 3.8 , 4.8 , 4.8 , 4.3 
292,Irv Smith Jr.,MIN,TE,8, 30.0 , 55.2 , 58.2 , 42.7 , 3.8 , 6.9 , 7.3 , 5.3 
293,Shane Zylstra,DET,TE,13, 30.0 , 41.0 , 41.0 , 35.5 , 2.3 , 3.2 , 3.2 , 2.7 
294,Ameer Abdullah,LVR,RB,17, 29.0 , 54.1 , 57.1 , 41.6 , 1.7 , 3.2 , 3.4 , 2.4 
295,DeeJay Dallas,SEA,RB,15, 29.0 , 46.2 , 53.2 , 38.7 , 1.9 , 3.1 , 3.5 , 2.6 
296,Jake Ferguson,DAL,TE,16, 29.0 , 48.4 , 51.4 , 38.9 , 1.8 , 3.0 , 3.2 , 2.4 
297,Peyton Hendershot,DAL,TE,17, 29.0 , 39.5 , 42.5 , 34.0 , 1.7 , 2.3 , 2.5 , 2.0 
298,J.D. McKissic,WAS,RB,8, 29.0 , 55.8 , 58.8 , 42.3 , 3.6 , 7.0 , 7.4 , 5.3 
299,Dare Ogunbowale,HOU,RB,17, 29.0 , 48.7 , 54.7 , 38.7 , 1.7 , 2.9 , 3.2 , 2.3 
300,Wan'Dale Robinson,NYG,WR,6, 29.0 , 51.6 , 54.6 , 40.1 , 4.8 , 8.6 , 9.1 , 6.7 
301,Dyami Brown,WAS,WR,15, 28.0 , 32.8 , 35.8 , 30.3 , 1.9 , 2.2 , 2.4 , 2.0 
302,Malik Davis,DAL,RB,12, 28.0 , 34.4 , 37.4 , 31.4 , 2.3 , 2.9 , 3.1 , 2.6 
303,Ashton Dulin,IND,WR,12, 28.0 , 42.5 , 45.5 , 35.0 , 2.3 , 3.5 , 3.8 , 2.9 
304,KhaDarel Hodge,ATL,WR,17, 28.0 , 41.2 , 44.2 , 34.7 , 1.6 , 2.4 , 2.6 , 2.0 
305,Travis Homer,SEA,RB,10, 27.0 , 43.1 , 47.1 , 35.1 , 2.7 , 4.3 , 4.7 , 3.5 
306,O.J. Howard,HOU,TE,13, 27.0 , 36.5 , 39.5 , 31.5 , 2.1 , 2.8 , 3.0 , 2.4 
307,Velus Jones Jr.,CHI,WR,12, 27.0 , 34.0 , 43.0 , 30.5 , 2.3 , 2.8 , 3.6 , 2.5 
308,Josh Oliver,BAL,TE,17, 27.0 , 40.9 , 43.9 , 33.9 , 1.6 , 2.4 , 2.6 , 2.0 
309,Adam Trautman,NOR,TE,15, 27.0 , 44.7 , 47.7 , 35.7 , 1.8 , 3.0 , 3.2 , 2.4 
310,Byron Pringle,CHI,WR,11, 26.0 , 35.5 , 38.5 , 30.5 , 2.4 , 3.2 , 3.5 , 2.8 
311,Javonte Williams,DEN,RB,4, 26.0 , 42.0 , 46.0 , 34.0 , 6.5 , 10.5 , 11.5 , 8.5 
312,Jonnu Smith,NWE,TE,14, 25.0 , 52.0 , 55.0 , 38.5 , 1.8 , 3.7 , 3.9 , 2.8 
313,Durham Smythe,MIA,TE,16, 25.0 , 40.0 , 43.0 , 32.5 , 1.6 , 2.5 , 2.7 , 2.0 
314,Gary Brightwell,NYG,RB,17, 24.0 , 29.0 , 32.0 , 26.5 , 1.4 , 1.7 , 1.9 , 1.6 
315,Connor Heyward,PIT,TE,17, 24.0 , 35.8 , 38.8 , 29.8 , 1.4 , 2.1 , 2.3 , 1.8 
316,Jalen Nailor,MIN,WR,15, 24.0 , 32.9 , 35.9 , 28.4 , 1.6 , 2.2 , 2.4 , 1.9 
317,Brandon Powell,LAR,WR,17, 24.0 , 47.6 , 50.6 , 35.6 , 1.4 , 2.8 , 3.0 , 2.1 
318,Khalil Shakir,BUF,WR,14, 24.0 , 34.1 , 37.1 , 29.1 , 1.7 , 2.4 , 2.7 , 2.1 
319,Alec Ingold,MIA,RB,17, 23.0 , 38.3 , 41.3 , 30.8 , 1.4 , 2.3 , 2.4 , 1.8 
320,Teagan Quitoriano,HOU,TE,9, 23.0 , 30.3 , 33.3 , 26.8 , 2.6 , 3.4 , 3.7 , 3.0 
321,Amari Rodgers,2TM,WR,16, 23.0 , 39.1 , 44.1 , 31.1 , 1.4 , 2.4 , 2.8 , 1.9 
322,Marquez Callaway,NOR,WR,14, 22.0 , 37.8 , 40.8 , 29.8 , 1.6 , 2.7 , 2.9 , 2.1 
323,River Cracraft,MIA,WR,11, 22.0 , 31.2 , 34.2 , 26.7 , 2.0 , 2.8 , 3.1 , 2.4 
324,Craig Reynolds,DET,RB,9, 22.0 , 30.8 , 36.8 , 26.3 , 2.4 , 3.4 , 4.1 , 2.9 
325,Kyren Williams,LAR,RB,10, 22.0 , 30.5 , 33.5 , 26.0 , 2.2 , 3.1 , 3.4 , 2.6 
326,David Bell,CLE,WR,16, 21.0 , 45.4 , 48.4 , 33.4 , 1.3 , 2.8 , 3.0 , 2.1 
327,Joshua Dobbs,TEN,QB,2, 21.0 , 20.8 , 27.8 , 22.8 , 10.5 , 10.4 , 13.9 , 11.4 
328,Jody Fortson,KAN,TE,13, 21.0 , 29.8 , 33.8 , 25.3 , 1.6 , 2.3 , 2.6 , 1.9 
329,C.J. Ham,MIN,RB,17, 21.0 , 31.3 , 31.3 , 26.3 , 1.2 , 1.8 , 1.8 , 1.5 
330,Marcedes Lewis,GNB,TE,17, 21.0 , 26.6 , 26.6 , 23.6 , 1.2 , 1.6 , 1.6 , 1.4 
331,Skyy Moore,KAN,WR,16, 21.0 , 43.4 , 49.4 , 32.4 , 1.3 , 2.7 , 3.1 , 2.0 
332,Zach Pascal,PHI,WR,17, 21.0 , 36.0 , 39.0 , 28.5 , 1.2 , 2.1 , 2.3 , 1.7 
333,Eric Saubert,DEN,TE,17, 21.0 , 35.8 , 38.8 , 28.3 , 1.2 , 2.1 , 2.3 , 1.7 
334,Sterling Shepard,NYG,WR,3, 21.0 , 34.4 , 37.4 , 27.9 , 7.0 , 11.5 , 12.5 , 9.3 
335,Davis Webb,NYG,QB,1, 21.0 , 20.8 , 20.8 , 20.8 , 21.0 , 20.8 , 20.8 , 20.8 
336,Mike Boone,DEN,RB,9, 20.0 , 28.8 , 31.8 , 24.3 , 2.2 , 3.2 , 3.5 , 2.7 
337,Keelan Cole,LVR,WR,14, 20.0 , 30.1 , 33.1 , 25.1 , 1.4 , 2.2 , 2.4 , 1.8 
338,Johnny Mundt,MIN,TE,17, 20.0 , 39.0 , 42.0 , 29.5 , 1.2 , 2.3 , 2.5 , 1.7 
339,Pierre Strong,NWE,RB,15, 20.0 , 27.2 , 30.2 , 23.7 , 1.3 , 1.8 , 2.0 , 1.6 
340,Ian Thomas,CAR,TE,17, 20.0 , 40.7 , 43.7 , 30.2 , 1.2 , 2.4 , 2.6 , 1.8 
341,Eric Tomlinson,DEN,TE,17, 20.0 , 28.9 , 28.9 , 24.4 , 1.2 , 1.7 , 1.7 , 1.4 
342,Mitchell Wilcox,CIN,TE,16, 20.0 , 36.9 , 39.9 , 28.4 , 1.3 , 2.3 , 2.5 , 1.8 
343,David Blough,ARI,QB,2, 19.0 , 18.6 , 24.6 , 20.6 , 9.5 , 9.3 , 12.3 , 10.3 
344,Tevin Coleman,SFO,RB,5, 19.0 , 22.0 , 22.0 , 20.5 , 3.8 , 4.4 , 4.4 , 4.1 
345,KJ Hamler,DEN,WR,7, 19.0 , 25.8 , 28.8 , 22.3 , 2.7 , 3.7 , 4.1 , 3.2 
346,Scott Miller,TAM,WR,15, 19.0 , 42.3 , 45.3 , 30.8 , 1.3 , 2.8 , 3.0 , 2.1 
347,Denzel Mims,NYJ,WR,10, 19.0 , 29.6 , 32.6 , 24.1 , 1.9 , 3.0 , 3.3 , 2.4 
348,Donald Parham,LAC,TE,6, 19.0 , 29.0 , 32.0 , 24.0 , 3.2 , 4.8 , 5.3 , 4.0 
349,Jalen Reagor,MIN,WR,17, 19.0 , 26.9 , 29.9 , 22.9 , 1.1 , 1.6 , 1.8 , 1.3 
350,Jonathan Williams,WAS,RB,13, 19.0 , 26.2 , 29.2 , 22.7 , 1.5 , 2.0 , 2.2 , 1.7 
351,Malik Willis,TEN,QB,8, 19.0 , 19.3 , 27.3 , 22.3 , 2.4 , 2.4 , 3.4 , 2.8 
352,Brandon Bolden,LVR,RB,16, 18.0 , 27.3 , 27.3 , 22.8 , 1.1 , 1.7 , 1.7 , 1.4 
353,Malcolm Brown,LAR,RB,11, 18.0 , 22.8 , 22.8 , 20.3 , 1.6 , 2.1 , 2.1 , 1.8 
354,Lawrence Cager,2TM,TE,7, 18.0 , 30.8 , 33.8 , 24.3 , 2.6 , 4.4 , 4.8 , 3.5 
355,N'Keal Harry,CHI,WR,7, 18.0 , 24.6 , 27.6 , 21.1 , 2.6 , 3.5 , 3.9 , 3.0 
356,Sam Howell,WAS,QB,1, 18.0 , 18.3 , 19.3 , 19.3 , 18.0 , 18.3 , 19.3 , 19.3 
357,Brett Rypien,DEN,QB,4, 18.0 , 18.0 , 26.0 , 22.0 , 4.5 , 4.5 , 6.5 , 5.5 
358,John Bates,WAS,TE,16, 17.0 , 30.8 , 33.8 , 23.8 , 1.1 , 1.9 , 2.1 , 1.5 
359,Cameron Brate,TAM,TE,11, 17.0 , 37.4 , 40.4 , 27.4 , 1.5 , 3.4 , 3.7 , 2.5 
360,Corey Clement,ARI,RB,9, 17.0 , 21.9 , 21.9 , 19.4 , 1.9 , 2.4 , 2.4 , 2.2 
361,Ross Dwelley,SFO,TE,12, 17.0 , 19.5 , 22.5 , 18.0 , 1.4 , 1.6 , 1.9 , 1.5 
362,James Mitchell,DET,TE,14, 17.0 , 28.3 , 31.3 , 22.8 , 1.2 , 2.0 , 2.2 , 1.6 
363,Steven Sims,PIT,WR,12, 17.0 , 31.4 , 34.4 , 24.4 , 1.4 , 2.6 , 2.9 , 2.0 
364,Benny Snell Jr.,PIT,RB,17, 17.0 , 18.7 , 18.7 , 17.7 , 1.0 , 1.1 , 1.1 , 1.0 
365,Skylar Thompson,MIA,QB,7, 17.0 , 17.5 , 25.5 , 20.5 , 2.4 , 2.5 , 3.6 , 2.9 
366,Darrel Williams,ARI,RB,6, 17.0 , 21.1 , 24.1 , 19.1 , 2.8 , 3.5 , 4.0 , 3.2 
367,Kyle Allen,HOU,QB,2, 16.0 , 15.9 , 23.9 , 19.9 , 8.0 , 8.0 , 12.0 , 10.0 
368,Jeff Driskel,HOU,TE,7, 16.0 , 17.2 , 17.2 , 16.7 , 2.3 , 2.5 , 2.5 , 2.4 
369,Sony Michel,LAC,RB,10, 16.0 , 24.9 , 27.9 , 20.4 , 1.6 , 2.5 , 2.8 , 2.0 
370,Albert Okwuegbunam,DEN,TE,8, 16.0 , 25.5 , 25.5 , 20.5 , 2.0 , 3.2 , 3.2 , 2.6 
371,Hassan Haskins,TEN,RB,15, 15.0 , 26.0 , 26.0 , 20.5 , 1.0 , 1.7 , 1.7 , 1.4 
372,DeSean Jackson,BAL,WR,7, 15.0 , 24.3 , 27.3 , 19.8 , 2.1 , 3.5 , 3.9 , 2.8 
373,Ronald Jones II,KAN,RB,6, 15.0 , 16.2 , 16.2 , 15.7 , 2.5 , 2.7 , 2.7 , 2.6 
374,Bryce Perkins,LAR,QB,5, 15.0 , 15.4 , 17.4 , 17.4 , 3.0 , 3.1 , 3.5 , 3.5 
375,Anthony Schwartz,CLE,WR,11, 15.0 , 18.8 , 19.8 , 16.8 , 1.4 , 1.7 , 1.8 , 1.5 
376,Derek Watt,PIT,RB,17, 15.0 , 20.2 , 20.2 , 17.7 , 0.9 , 1.2 , 1.2 , 1.0 
377,John Wolford,LAR,QB,3, 15.0 , 14.8 , 21.8 , 17.8 , 5.0 , 4.9 , 7.3 , 5.9 
378,Dan Arnold,JAX,TE,17, 14.0 , 22.5 , 25.5 , 18.0 , 0.8 , 1.3 , 1.5 , 1.1 
379,Kenny Golladay,NYG,WR,12, 14.0 , 20.1 , 20.1 , 17.1 , 1.2 , 1.7 , 1.7 , 1.4 
380,Zander Horvath,LAC,RB,15, 14.0 , 18.6 , 18.6 , 16.1 , 0.9 , 1.2 , 1.2 , 1.1 
381,Keaontay Ingram,ARI,RB,12, 14.0 , 18.1 , 18.1 , 16.1 , 1.2 , 1.5 , 1.5 , 1.3 
382,Tom Kennedy,DET,WR,7, 14.0 , 22.1 , 25.1 , 18.1 , 2.0 , 3.2 , 3.6 , 2.6 
383,Ko Kieft,TAM,TE,17, 14.0 , 21.0 , 21.0 , 17.5 , 0.8 , 1.2 , 1.2 , 1.0 
384,Breshad Perriman,TAM,WR,11, 14.0 , 23.3 , 27.3 , 18.8 , 1.3 , 2.1 , 2.5 , 1.7 
385,Samori Toure,GNB,WR,11, 14.0 , 19.2 , 19.2 , 16.7 , 1.3 , 1.7 , 1.7 , 1.5 
386,Jameson Williams,DET,WR,6, 14.0 , 15.1 , 15.1 , 14.6 , 2.3 , 2.5 , 2.5 , 2.4 
387,Cedrick Wilson Jr.,MIA,WR,15, 14.0 , 26.4 , 29.4 , 20.4 , 0.9 , 1.8 , 2.0 , 1.4 
388,Salvon Ahmed,MIA,RB,12, 13.0 , 14.2 , 14.2 , 13.7 , 1.1 , 1.2 , 1.2 , 1.1 
389,Royce Freeman,HOU,RB,4, 13.0 , 19.0 , 23.0 , 16.0 , 3.3 , 4.8 , 5.8 , 4.0 
390,Zach Gentry,PIT,TE,17, 13.0 , 32.2 , 35.2 , 22.7 , 0.8 , 1.9 , 2.1 , 1.3 
391,Reggie Gilliam,BUF,RB,15, 13.0 , 20.9 , 20.9 , 16.9 , 0.9 , 1.4 , 1.4 , 1.1 
392,Tanner Hudson,NYG,TE,11, 13.0 , 23.2 , 26.2 , 18.2 , 1.2 , 2.1 , 2.4 , 1.7 
393,Brevin Jordan,HOU,TE,11, 13.0 , 26.8 , 29.8 , 19.8 , 1.2 , 2.4 , 2.7 , 1.8 
394,Chris Myarick,NYG,TE,16, 13.0 , 19.5 , 19.5 , 16.0 , 0.8 , 1.2 , 1.2 , 1.0 
395,Jeff Smith,NYJ,WR,11, 13.0 , 21.4 , 24.4 , 17.4 , 1.2 , 1.9 , 2.2 , 1.6 
396,Pharaoh Brown,2TM,TE,16, 12.0 , 23.7 , 26.7 , 17.7 , 0.8 , 1.5 , 1.7 , 1.1 
397,T.Y. Hilton,DAL,WR,3, 12.0 , 19.1 , 22.1 , 15.6 , 4.0 , 6.4 , 7.4 , 5.2 
398,Trey Lance,SFO,QB,2, 12.0 , 12.5 , 13.5 , 13.5 , 6.0 , 6.3 , 6.8 , 6.8 
399,Jordan Love,GNB,QB,4, 12.0 , 11.7 , 11.7 , 11.7 , 3.0 , 2.9 , 2.9 , 2.9 
400,Quintin Morris,BUF,TE,14, 12.0 , 20.4 , 21.4 , 16.4 , 0.9 , 1.5 , 1.5 , 1.2 
401,Nick Mullens,MIN,QB,4, 12.0 , 11.8 , 12.8 , 12.8 , 3.0 , 3.0 , 3.2 , 3.2 
402,Jack Stoll,PHI,TE,17, 12.0 , 23.3 , 26.3 , 17.8 , 0.7 , 1.4 , 1.5 , 1.0 
403,Geoff Swaim,TEN,TE,17, 12.0 , 23.8 , 23.8 , 17.8 , 0.7 , 1.4 , 1.4 , 1.0 
404,Jalen Virgil,DEN,WR,9, 12.0 , 13.5 , 14.5 , 12.5 , 1.3 , 1.5 , 1.6 , 1.4 
405,Josiah Deguara,GNB,TE,17, 11.0 , 24.4 , 27.4 , 17.9 , 0.6 , 1.4 , 1.6 , 1.1 
406,Kevin Harris,NWE,RB,5, 11.0 , 11.2 , 11.2 , 11.2 , 2.2 , 2.2 , 2.2 , 2.2 
407,Brycen Hopkins,LAR,TE,14, 11.0 , 17.9 , 20.9 , 14.4 , 0.8 , 1.3 , 1.5 , 1.0 
408,David Sills,NYG,WR,9, 11.0 , 21.6 , 24.6 , 16.1 , 1.2 , 2.4 , 2.7 , 1.8 
409,Tyrod Taylor,NYG,QB,3, 11.0 , 11.3 , 13.3 , 12.3 , 3.7 , 3.8 , 4.4 , 4.1 
410,John Brown,BUF,WR,3, 10.0 , 11.2 , 11.2 , 10.7 , 3.3 , 3.7 , 3.7 , 3.6 
411,Snoop Conner,JAX,RB,8, 10.0 , 10.2 , 10.2 , 10.2 , 1.3 , 1.3 , 1.3 , 1.3 
412,Tyrion Davis-Price,SFO,RB,6, 10.0 , 9.9 , 9.9 , 9.9 , 1.7 , 1.7 , 1.7 , 1.7 
413,Chris Evans,CIN,RB,12, 10.0 , 12.8 , 12.8 , 11.3 , 0.8 , 1.1 , 1.1 , 0.9 
414,Darrynton Evans,CHI,RB,6, 10.0 , 10.7 , 10.7 , 10.2 , 1.7 , 1.8 , 1.8 , 1.7 
415,Anthony Firkser,ATL,TE,11, 10.0 , 19.0 , 22.0 , 14.5 , 0.9 , 1.7 , 2.0 , 1.3 
416,Marcus Johnson,NYG,WR,14, 10.0 , 18.9 , 18.9 , 14.4 , 0.7 , 1.4 , 1.4 , 1.0 
417,Dax Milne,WAS,WR,15, 10.0 , 15.7 , 15.7 , 12.7 , 0.7 , 1.0 , 1.0 , 0.8 
418,Kene Nwangwu,MIN,RB,17, 10.0 , 11.5 , 11.5 , 10.5 , 0.6 , 0.7 , 0.7 , 0.6 
419,Giovanni Ricci,CAR,RB,15, 10.0 , 18.0 , 21.0 , 14.0 , 0.7 , 1.2 , 1.4 , 0.9 
420,Trevor Siemian,CHI,QB,2, 10.0 , 10.2 , 11.2 , 11.2 , 5.0 , 5.1 , 5.6 , 5.6 
421,Michael Bandy,LAC,WR,10, 9.0 , 18.9 , 18.9 , 13.9 , 0.9 , 1.9 , 1.9 , 1.4 
422,Parker Hesse,ATL,TE,17, 9.0 , 17.9 , 17.9 , 13.4 , 0.5 , 1.1 , 1.1 , 0.8 
423,Phillip Lindsay,IND,RB,3, 9.0 , 14.8 , 14.8 , 11.8 , 3.0 , 4.9 , 4.9 , 3.9 
424,Trace McSorley,ARI,QB,6, 9.0 , 8.6 , 18.6 , 13.6 , 1.5 , 1.4 , 3.1 , 2.3 
425,Patrick Ricard,BAL,RB,17, 9.0 , 20.0 , 20.0 , 14.5 , 0.5 , 1.2 , 1.2 , 0.9 
426,Armani Rogers,WAS,TE,11, 9.0 , 14.0 , 14.0 , 11.5 , 0.8 , 1.3 , 1.3 , 1.0 
427,Kyle Rudolph,TAM,TE,9, 9.0 , 11.8 , 11.8 , 10.3 , 1.0 , 1.3 , 1.3 , 1.1 
428,Cam Sims,WAS,WR,17, 9.0 , 16.9 , 16.9 , 12.9 , 0.5 , 1.0 , 1.0 , 0.8 
429,Chris Streveler,NYJ,QB,2, 9.0 , 9.0 , 9.0 , 9.0 , 4.5 , 4.5 , 4.5 , 4.5 
430,Jordan Wilkins,IND,RB,4, 9.0 , 14.7 , 14.7 , 11.7 , 2.3 , 3.7 , 3.7 , 2.9 
431,Tyler Badie,DEN,RB,1, 8.0 , 9.4 , 9.4 , 8.9 , 8.0 , 9.4 , 9.4 , 8.9 
432,Blake Bell,KAN,TE,3, 8.0 , 10.0 , 10.0 , 9.0 , 2.7 , 3.3 , 3.3 , 3.0 
433,Grant Calcaterra,PHI,TE,15, 8.0 , 13.1 , 13.1 , 10.6 , 0.5 , 0.9 , 0.9 , 0.7 
434,Chase Daniel,LAC,QB,4, 8.0 , 8.5 , 8.5 , 8.5 , 2.0 , 2.1 , 2.1 , 2.1 
435,Brandon Johnson,DEN,WR,7, 8.0 , 14.2 , 15.2 , 11.2 , 1.1 , 2.0 , 2.2 , 1.6 
436,Jaret Patterson,WAS,RB,3, 8.0 , 7.8 , 7.8 , 7.8 , 2.7 , 2.6 , 2.6 , 2.6 
437,Nathan Peterman,CHI,QB,3, 8.0 , 8.3 , 9.3 , 9.3 , 2.7 , 2.8 , 3.1 , 3.1 
438,Andrew Beck,DEN,TE,13, 7.0 , 11.9 , 11.9 , 9.4 , 0.5 , 0.9 , 0.9 , 0.7 
439,D'Wayne Eskridge,SEA,WR,10, 7.0 , 13.8 , 13.8 , 10.3 , 0.7 , 1.4 , 1.4 , 1.0 
440,Tyler Mabry,SEA,TE,2, 7.0 , 7.7 , 7.7 , 7.2 , 3.5 , 3.9 , 3.9 , 3.6 
441,Tre' McKitty,LAC,TE,17, 7.0 , 17.2 , 17.2 , 12.2 , 0.4 , 1.0 , 1.0 , 0.7 
442,Ty Montgomery,NWE,WR,1, 7.0 , 10.3 , 10.3 , 8.8 , 7.0 , 10.3 , 10.3 , 8.8 
443,Gunner Olszewski,PIT,WR,16, 7.0 , 12.2 , 13.2 , 9.7 , 0.4 , 0.8 , 0.8 , 0.6 
444,Freddie Swain,2TM,WR,4, 7.0 , 11.4 , 11.4 , 9.4 , 1.8 , 2.9 , 2.9 , 2.4 
445,Ke'Shawn Vaughn,TAM,RB,15, 7.0 , 10.2 , 10.2 , 8.7 , 0.5 , 0.7 , 0.7 , 0.6 
446,Kevin White,NOR,WR,7, 7.0 , 9.4 , 9.4 , 8.4 , 1.0 , 1.3 , 1.3 , 1.2 
447,Zamir White,LVR,RB,14, 7.0 , 7.0 , 7.0 , 7.0 , 0.5 , 0.5 , 0.5 , 0.5 
448,Anthony Brown,BAL,QB,2, 6.0 , 5.6 , 11.6 , 7.6 , 3.0 , 2.8 , 5.8 , 3.8 
449,Jamison Crowder,BUF,WR,4, 6.0 , 12.0 , 12.0 , 9.0 , 1.5 , 3.0 , 3.0 , 2.3 
450,Jalen Guyton,LAC,WR,3, 6.0 , 8.4 , 8.4 , 7.4 , 2.0 , 2.8 , 2.8 , 2.5 
451,Tyler Kroft,SFO,TE,11, 6.0 , 9.7 , 9.7 , 7.7 , 0.5 , 0.9 , 0.9 , 0.7 
452,Jake Kumerow,BUF,WR,6, 6.0 , 10.4 , 10.4 , 8.4 , 1.0 , 1.7 , 1.7 , 1.4 
453,Mike Strachan,IND,WR,13, 6.0 , 8.9 , 8.9 , 7.4 , 0.5 , 0.7 , 0.7 , 0.6 
454,Trent Taylor,CIN,WR,16, 6.0 , 11.7 , 12.7 , 8.7 , 0.4 , 0.7 , 0.8 , 0.5 
455,Deven Thompkins,TAM,WR,5, 6.0 , 10.8 , 10.8 , 8.3 , 1.2 , 2.2 , 2.2 , 1.7 
456,Mike Thomas,CIN,WR,10, 6.0 , 7.8 , 7.8 , 6.8 , 0.6 , 0.8 , 0.8 , 0.7 
457,Nick Vannett,2TM,TE,9, 6.0 , 11.5 , 11.5 , 8.5 , 0.7 , 1.3 , 1.3 , 0.9 
458,Trayveon Williams,CIN,RB,8, 6.0 , 8.0 , 8.0 , 7.0 , 0.8 , 1.0 , 1.0 , 0.9 
459,Andre Baccellia,ARI,WR,8, 5.0 , 11.5 , 11.5 , 8.0 , 0.6 , 1.4 , 1.4 , 1.0 
460,Spencer Brown,CAR,RB,2, 5.0 , 7.3 , 7.3 , 6.3 , 2.5 , 3.7 , 3.7 , 3.2 
461,Julius Chestnut,TEN,RB,6, 5.0 , 8.3 , 8.3 , 6.8 , 0.8 , 1.4 , 1.4 , 1.1 
462,Chris Conley,2TM,WR,9, 5.0 , 8.6 , 8.6 , 6.6 , 0.6 , 1.0 , 1.0 , 0.7 
463,Blaine Gabbert,TAM,QB,1, 5.0 , 5.2 , 5.2 , 5.2 , 5.0 , 5.2 , 5.2 , 5.2 
464,Myles Gaskin,MIA,RB,4, 5.0 , 9.4 , 9.4 , 7.4 , 1.3 , 2.4 , 2.4 , 1.9 
465,Cody Hollister,TEN,WR,11, 5.0 , 8.4 , 8.4 , 6.9 , 0.5 , 0.8 , 0.8 , 0.6 
466,David Johnson,NOR,RB,5, 5.0 , 9.1 , 10.1 , 7.1 , 1.0 , 1.8 , 2.0 , 1.4 
467,Tony Jones,2TM,RB,6, 5.0 , 10.4 , 10.4 , 7.9 , 0.8 , 1.7 , 1.7 , 1.3 
468,Charlie Kolar,BAL,TE,2, 5.0 , 8.9 , 8.9 , 6.9 , 2.5 , 4.5 , 4.5 , 3.5 
469,Ronnie Rivers,LAR,RB,8, 5.0 , 10.0 , 10.0 , 7.5 , 0.6 , 1.3 , 1.3 , 0.9 
470,Isaiah Spiller,LAC,RB,6, 5.0 , 8.4 , 8.4 , 6.9 , 0.8 , 1.4 , 1.4 , 1.2 
471,Stephen Sullivan,CAR,TE,14, 5.0 , 6.6 , 6.6 , 5.6 , 0.4 , 0.5 , 0.5 , 0.4 
472,Patrick Taylor,GNB,RB,14, 5.0 , 5.8 , 5.8 , 5.3 , 0.4 , 0.4 , 0.4 , 0.4 
473,Dwayne Washington,NOR,RB,12, 5.0 , 5.5 , 5.5 , 5.0 , 0.4 , 0.5 , 0.5 , 0.4 
474,Trevon Wesco,CHI,TE,14, 5.0 , 6.6 , 6.6 , 5.6 , 0.4 , 0.5 , 0.5 , 0.4 
475,Cole Beasley,2TM,WR,4, 4.0 , 9.5 , 9.5 , 6.5 , 1.0 , 2.4 , 2.4 , 1.6 
476,Kendall Blanton,LAR,TE,4, 4.0 , 5.5 , 5.5 , 4.5 , 1.0 , 1.4 , 1.4 , 1.1 
477,Trestan Ebner,CHI,RB,17, 4.0 , 6.2 , 7.2 , 5.2 , 0.2 , 0.4 , 0.4 , 0.3 
478,Luke Farrell,JAX,TE,17, 4.0 , 8.0 , 8.0 , 6.0 , 0.2 , 0.5 , 0.5 , 0.4 
479,Chris Manhertz,JAX,TE,17, 4.0 , 10.2 , 10.2 , 7.2 , 0.2 , 0.6 , 0.6 , 0.4 
480,Anthony McFarland Jr.,PIT,RB,1, 4.0 , 6.1 , 6.1 , 5.1 , 4.0 , 6.1 , 6.1 , 5.1 
481,Racey McMath,TEN,WR,5, 4.0 , 6.4 , 6.4 , 5.4 , 0.8 , 1.3 , 1.3 , 1.1 
482,Kyle Philips,TEN,WR,4, 4.0 , 11.8 , 13.8 , 7.8 , 1.0 , 3.0 , 3.5 , 2.0 
483,James Proche,BAL,WR,15, 4.0 , 12.2 , 13.2 , 9.2 , 0.3 , 0.8 , 0.9 , 0.6 
484,Laquon Treadwell,SEA,WR,6, 4.0 , 10.2 , 10.2 , 7.2 , 0.7 , 1.7 , 1.7 , 1.2 
485,Michael Woods II,CLE,WR,10, 4.0 , 9.0 , 9.0 , 6.5 , 0.4 , 0.9 , 0.9 , 0.7 
486,Daylen Baldwin,CLE,WR,1, 3.0 , 4.5 , 4.5 , 3.5 , 3.0 , 4.5 , 4.5 , 3.5 
487,Giovani Bernard,TAM,RB,8, 3.0 , 4.7 , 4.7 , 3.7 , 0.4 , 0.6 , 0.6 , 0.5 
488,Tyrie Cleveland,DEN,WR,6, 3.0 , 4.8 , 4.8 , 3.8 , 0.5 , 0.8 , 0.8 , 0.6 
489,Jaelon Darden,2TM,WR,14, 3.0 , 4.8 , 4.8 , 3.8 , 0.2 , 0.3 , 0.3 , 0.3 
490,Tyler Davis,GNB,TE,17, 3.0 , 6.6 , 6.6 , 4.6 , 0.2 , 0.4 , 0.4 , 0.3 
491,Ben Ellefson,MIN,TE,4, 3.0 , 5.6 , 5.6 , 4.1 , 0.8 , 1.4 , 1.4 , 1.0 
492,Ryan Griffin,CHI,TE,15, 3.0 , 6.6 , 6.6 , 4.6 , 0.2 , 0.4 , 0.4 , 0.3 
493,Tim Jones,JAX,WR,17, 3.0 , 6.0 , 6.0 , 4.5 , 0.2 , 0.4 , 0.4 , 0.3 
494,Larry Rountree,LAC,RB,4, 3.0 , 5.3 , 5.3 , 4.3 , 0.8 , 1.3 , 1.3 , 1.1 
495,DJ Turner,LVR,WR,9, 3.0 , 2.6 , 2.6 , 2.6 , 0.3 , 0.3 , 0.3 , 0.3 
496,Tylan Wallace,BAL,WR,9, 3.0 , 7.3 , 7.3 , 5.3 , 0.3 , 0.8 , 0.8 , 0.6 
497,Jonathan Ward,2TM,RB,8, 3.0 , 5.2 , 5.2 , 4.2 , 0.4 , 0.7 , 0.7 , 0.5 
498,Michael Burton,KAN,RB,17, 2.0 , 3.8 , 3.8 , 2.8 , 0.1 , 0.2 , 0.2 , 0.2 
499,Quintez Cephus,DET,WR,4, 2.0 , 3.5 , 3.5 , 2.5 , 0.5 , 0.9 , 0.9 , 0.6 
500,Ty Chandler,MIN,RB,3, 2.0 , 2.0 , 2.0 , 2.0 , 0.7 , 0.7 , 0.7 , 0.7 
501,Pharoh Cooper,ARI,WR,5, 2.0 , 4.1 , 4.1 , 3.1 , 0.4 , 0.8 , 0.8 , 0.6 
502,Frank Darby,ATL,WR,5, 2.0 , 2.5 , 2.5 , 2.0 , 0.4 , 0.5 , 0.5 , 0.4 
503,Mike Davis,BAL,RB,8, 2.0 , 4.2 , 4.2 , 3.2 , 0.3 , 0.5 , 0.5 , 0.4 
504,Bryan Edwards,ATL,WR,7, 2.0 , 4.5 , 4.5 , 3.0 , 0.3 , 0.6 , 0.6 , 0.4 
505,Simi Fehoko,DAL,WR,5, 2.0 , 5.4 , 5.4 , 3.9 , 0.4 , 1.1 , 1.1 , 0.8 
506,Nick Foles,IND,QB,3, 2.0 , 1.8 , 5.8 , 5.8 , 0.7 , 0.6 , 1.9 , 1.9 
507,Danny Gray,SFO,WR,13, 2.0 , 2.9 , 2.9 , 2.4 , 0.2 , 0.2 , 0.2 , 0.2 
508,Troy Hairston,HOU,RB,16, 2.0 , 6.9 , 6.9 , 4.4 , 0.1 , 0.4 , 0.4 , 0.3 
509,Penny Hart,SEA,WR,9, 2.0 , 5.0 , 5.0 , 3.5 , 0.2 , 0.6 , 0.6 , 0.4 
510,Jesper Horsted,LVR,TE,15, 2.0 , 4.9 , 4.9 , 3.4 , 0.1 , 0.3 , 0.3 , 0.2 
511,Dennis Houston,DAL,WR,2, 2.0 , 3.6 , 3.6 , 2.6 , 1.0 , 1.8 , 1.8 , 1.3 
512,Lil'Jordan Humphrey,NWE,WR,6, 2.0 , 4.0 , 4.0 , 3.0 , 0.3 , 0.7 , 0.7 , 0.5 
513,Andy Isabella,2TM,WR,5, 2.0 , 4.2 , 4.2 , 3.2 , 0.4 , 0.8 , 0.8 , 0.6 
514,Cade Johnson,SEA,WR,3, 2.0 , 4.1 , 4.1 , 3.1 , 0.7 , 1.4 , 1.4 , 1.0 
515,D'Ernest Johnson,CLE,RB,15, 2.0 , 5.4 , 5.4 , 3.9 , 0.1 , 0.4 , 0.4 , 0.3 
516,Keith Kirkwood,NOR,WR,5, 2.0 , 3.8 , 3.8 , 2.8 , 0.4 , 0.8 , 0.8 , 0.6 
517,Dezmon Patmon,IND,WR,1, 2.0 , 4.4 , 4.4 , 3.4 , 2.0 , 4.4 , 4.4 , 3.4 
518,Adam Prentice,NOR,RB,11, 2.0 , 4.8 , 4.8 , 3.3 , 0.2 , 0.4 , 0.4 , 0.3 
519,Trey Sermon,PHI,RB,2, 2.0 , 1.9 , 1.9 , 1.9 , 1.0 , 1.0 , 1.0 , 1.0 
520,Stone Smartt,LAC,TE,7, 2.0 , 5.7 , 5.7 , 3.7 , 0.3 , 0.8 , 0.8 , 0.5 
521,J.J. Taylor,NWE,RB,1, 2.0 , 2.7 , 2.7 , 2.2 , 2.0 , 2.7 , 2.7 , 2.2 
522,Cole Turner,WAS,TE,10, 2.0 , 4.3 , 4.3 , 3.3 , 0.2 , 0.4 , 0.4 , 0.3 
523,Maxx Williams,ARI,TE,11, 2.0 , 4.8 , 4.8 , 3.3 , 0.2 , 0.4 , 0.4 , 0.3 
524,Juwann Winfree,GNB,WR,3, 2.0 , 2.7 , 2.7 , 2.2 , 0.7 , 0.9 , 0.9 , 0.7 
525,Dareke Young,SEA,WR,13, 2.0 , 4.4 , 4.4 , 3.4 , 0.2 , 0.3 , 0.3 , 0.3 
526,Maurice Alexander,DET,WR,4, 1.0 , 1.7 , 1.7 , 1.2 , 0.3 , 0.4 , 0.4 , 0.3 
527,Brandon Allen,CIN,QB,1, 1.0 , 0.8 , 0.8 , 0.8 , 1.0 , 0.8 , 0.8 , 0.8 
528,Stephen Anderson,ARI,TE,16, 1.0 , 3.9 , 3.9 , 2.4 , 0.1 , 0.2 , 0.2 , 0.2 
529,Devin Asiasi,CIN,TE,12, 1.0 , 2.5 , 2.5 , 1.5 , 0.1 , 0.2 , 0.2 , 0.1 
530,C.J. Board,TEN,WR,4, 1.0 , 1.6 , 1.6 , 1.1 , 0.3 , 0.4 , 0.4 , 0.3 
531,Reggie Bonnafon,WAS,RB,1, 1.0 , 0.8 , 0.8 , 0.8 , 1.0 , 0.8 , 0.8 , 0.8 
532,Miles Boykin,PIT,WR,16, 1.0 , 3.1 , 3.1 , 2.1 , 0.1 , 0.2 , 0.2 , 0.1 
533,Jason Cabinda,DET,RB,8, 1.0 , 1.9 , 1.9 , 1.4 , 0.1 , 0.2 , 0.2 , 0.2 
534,Jalen Camp,HOU,WR,2, 1.0 , 1.7 , 1.7 , 1.2 , 0.5 , 0.9 , 0.9 , 0.6 
535,Jerome Ford,CLE,RB,13, 1.0 , 1.2 , 1.2 , 1.2 , 0.1 , 0.1 , 0.1 , 0.1 
536,Jacob Harris,LAR,TE,7, 1.0 , 1.6 , 1.6 , 1.1 , 0.1 , 0.2 , 0.2 , 0.2 
537,Kylin Hill,GNB,RB,2, 1.0 , 0.7 , 0.7 , 0.7 , 0.5 , 0.4 , 0.4 , 0.4 
538,Brian Hoyer,NWE,QB,1, 1.0 , 1.5 , 1.5 , 1.5 , 1.0 , 1.5 , 1.5 , 1.5 
539,Godwin Igwebuike,SEA,RB,5, 1.0 , 1.7 , 1.7 , 1.2 , 0.2 , 0.3 , 0.3 , 0.2 
540,Jakob Johnson,LVR,RB,17, 1.0 , 6.0 , 6.0 , 3.5 , 0.1 , 0.4 , 0.4 , 0.2 
541,Josh Johnson,SFO,QB,2, 1.0 , 0.7 , 0.7 , 0.7 , 0.5 , 0.4 , 0.4 , 0.4 
542,Tyron Johnson,2TM,WR,4, 1.0 , 1.8 , 1.8 , 1.3 , 0.3 , 0.5 , 0.5 , 0.3 
543,Sean McKeon,DAL,TE,13, 1.0 , 3.1 , 3.1 , 2.1 , 0.1 , 0.2 , 0.2 , 0.2 
544,Jason Moore,LAC,WR,6, 1.0 , 1.5 , 1.5 , 1.0 , 0.2 , 0.3 , 0.3 , 0.2 
545,Devine Ozigbo,DEN,RB,4, 1.0 , 1.7 , 1.7 , 1.2 , 0.3 , 0.4 , 0.4 , 0.3 
546,Jeremy Ruckert,NYJ,TE,9, 1.0 , 1.8 , 1.8 , 1.3 , 0.1 , 0.2 , 0.2 , 0.1 
547,Mason Schreck,HOU,TE,3, 1.0 , 2.6 , 2.6 , 1.6 , 0.3 , 0.9 , 0.9 , 0.5 
548,Keith Smith,ATL,RB,17, 1.0 , 2.0 , 2.0 , 1.5 , 0.1 , 0.1 , 0.1 , 0.1 
549,Tommy Sweeney,BUF,TE,5, 1.0 , 1.7 , 1.7 , 1.2 , 0.2 , 0.3 , 0.3 , 0.2 
550,Jalen Tolbert,DAL,WR,8, 1.0 , 3.2 , 3.2 , 2.2 , 0.1 , 0.4 , 0.4 , 0.3 
551,Austin Trammell,LAR,WR,6, 1.0 , 3.3 , 3.3 , 2.3 , 0.2 , 0.6 , 0.6 , 0.4 
552,Kyle Trask,TAM,QB,1, 1.0 , 0.9 , 0.9 , 0.9 , 1.0 , 0.9 , 0.9 , 0.9 
553,Montrell Washington,DEN,WR,15, 1.0 , 5.2 , 6.2 , 3.2 , 0.1 , 0.3 , 0.4 , 0.2 
554,Nsimba Webster,CHI,WR,2, 1.0 , 3.4 , 3.4 , 2.4 , 0.5 , 1.7 , 1.7 , 1.2 
555,Ty'Son Williams,ARI,RB,1, 1.0 , 1.5 , 1.5 , 1.0 , 1.0 , 1.5 , 1.5 , 1.0 